Running on node: gpu001
Tue Jan 20 09:08:05 2026       
+-----------------------------------------------------------------------------------------+
| NVIDIA-SMI 570.124.06             Driver Version: 570.124.06     CUDA Version: 12.8     |
|-----------------------------------------+------------------------+----------------------+
| GPU  Name                 Persistence-M | Bus-Id          Disp.A | Volatile Uncorr. ECC |
| Fan  Temp   Perf          Pwr:Usage/Cap |           Memory-Usage | GPU-Util  Compute M. |
|                                         |                        |               MIG M. |
|=========================================+========================+======================|
|   0  Tesla V100-SXM2-16GB           On  |   00000000:62:00.0 Off |                    0 |
| N/A   36C    P0             40W /  300W |       1MiB /  16384MiB |      0%      Default |
|                                         |                        |                  N/A |
+-----------------------------------------+------------------------+----------------------+
|   1  Tesla V100-SXM2-16GB           On  |   00000000:89:00.0 Off |                    0 |
| N/A   37C    P0             41W /  300W |       1MiB /  16384MiB |      0%      Default |
|                                         |                        |                  N/A |
+-----------------------------------------+------------------------+----------------------+
                                                                                         
+-----------------------------------------------------------------------------------------+
| Processes:                                                                              |
|  GPU   GI   CI              PID   Type   Process name                        GPU Memory |
|        ID   ID                                                               Usage      |
|=========================================================================================|
|  No running processes found                                                             |
+-----------------------------------------------------------------------------------------+
[2026-01-20 09:08:23,366][main][INFO] - Saving the outputs in /beegfs/muduchuru/codes/physicsnemo/examples/weather/corrdiff
[2026-01-20 09:08:23,366][main][INFO] - Using dataset: mswxdwd
[2026-01-20 09:08:23,367][main][INFO] - Saving the outputs in /beegfs/muduchuru/codes/physicsnemo/examples/weather/corrdiff
[2026-01-20 09:08:25,261][checkpoint][INFO] - Loaded checkpoint file /beegfs/muduchuru/codes/physicsnemo/examples/weather/corrdiff/checkpoints_regression/checkpoint.0.80000.pt to device cpu
[2026-01-20 09:08:25,262][checkpoint][INFO] - Loaded checkpoint file /beegfs/muduchuru/codes/physicsnemo/examples/weather/corrdiff/checkpoints_regression/checkpoint.0.80000.pt to device cpu
[2026-01-20 09:08:54,093][main][INFO] - Patch-based training disabled
[2026-01-20 09:08:57,546][checkpoint][INFO] - Loaded model state dictionary /beegfs/muduchuru/codes/physicsnemo/examples/weather/corrdiff/checkpoints_regression/UNet.0.80000.mdlus to device cpu
[2026-01-20 09:08:57,627][checkpoint][INFO] - Loaded model state dictionary /beegfs/muduchuru/codes/physicsnemo/examples/weather/corrdiff/checkpoints_regression/UNet.0.80000.mdlus to device cpu
[2026-01-20 09:08:58,437][checkpoint][INFO] - Loaded checkpoint file /beegfs/muduchuru/codes/physicsnemo/examples/weather/corrdiff/checkpoints_regression/checkpoint.0.80000.pt to device cpu
[2026-01-20 09:08:58,705][checkpoint][INFO] - Loaded checkpoint file /beegfs/muduchuru/codes/physicsnemo/examples/weather/corrdiff/checkpoints_regression/checkpoint.0.80000.pt to device cpu
[2026-01-20 09:08:58,731][main][INFO] - Using 1 gradient accumulation rounds
[2026-01-20 09:08:58,733][main][INFO] - Training a non-patched model: patch gradient accumulation automatically disabled.
[2026-01-20 09:08:59,967][checkpoint][INFO] - Loaded checkpoint file /beegfs/muduchuru/codes/physicsnemo/examples/weather/corrdiff/checkpoints_regression/checkpoint.0.80000.pt to device cuda:1
[2026-01-20 09:08:59,979][checkpoint][INFO] - Loaded optimizer state dictionary
[2026-01-20 09:09:00,132][checkpoint][INFO] - Loaded checkpoint file /beegfs/muduchuru/codes/physicsnemo/examples/weather/corrdiff/checkpoints_regression/checkpoint.0.80000.pt to device cuda:0
[2026-01-20 09:09:00,157][checkpoint][INFO] - Loaded optimizer state dictionary
[2026-01-20 09:09:00,159][main][INFO] - Training for 1000000 images...
[2026-01-20 09:11:50,766][main][INFO] - Starting Profiler at 80384
[2026-01-20 09:12:10,630][main][INFO] - Stopping Profiler at 80400
[2026-01-20 09:17:23,324][main][INFO] - samples 81008.0   training_loss 3864.11 training_loss_running_mean 9722.34 learning_rate 0.00020000 total_sec 504.6   sec_per_tick 35.1    sec_per_sample 2.20    cpu_mem_gb 2.29   peak_gpu_mem_gb 9.68   peak_gpu_mem_reserved_gb 10.20 
[2026-01-20 09:24:55,811][main][INFO] - samples 82000.0   training_loss 1588.64 training_loss_running_mean 3296.74 learning_rate 0.00020000 total_sec 957.1   sec_per_tick 53.7    sec_per_sample 3.36    cpu_mem_gb 2.29   peak_gpu_mem_gb 9.68   peak_gpu_mem_reserved_gb 10.20 
[2026-01-20 09:32:08,090][main][INFO] - samples 83008.0   training_loss 4691.14 training_loss_running_mean 2683.27 learning_rate 0.00020000 total_sec 1389.4  sec_per_tick 38.0    sec_per_sample 2.37    cpu_mem_gb 2.30   peak_gpu_mem_gb 9.68   peak_gpu_mem_reserved_gb 10.20 
[2026-01-20 09:39:34,869][main][INFO] - samples 84000.0   training_loss 2296.44 training_loss_running_mean 2789.27 learning_rate 0.00020000 total_sec 1836.1  sec_per_tick 30.9    sec_per_sample 1.93    cpu_mem_gb 2.30   peak_gpu_mem_gb 9.68   peak_gpu_mem_reserved_gb 10.20 
[2026-01-20 09:47:36,224][main][INFO] - samples 85008.0   training_loss 7523.27 training_loss_running_mean 2391.36 learning_rate 0.00020000 total_sec 2317.5  sec_per_tick 49.9    sec_per_sample 3.12    cpu_mem_gb 2.30   peak_gpu_mem_gb 9.68   peak_gpu_mem_reserved_gb 10.20 
[2026-01-20 09:47:37,312][checkpoint][INFO] - Saved model state dictionary: /beegfs/muduchuru/codes/physicsnemo/examples/weather/corrdiff/checkpoints_regression/UNet.0.85008.mdlus
[2026-01-20 09:47:38,512][checkpoint][INFO] - Saved training checkpoint: /beegfs/muduchuru/codes/physicsnemo/examples/weather/corrdiff/checkpoints_regression/checkpoint.0.85008.pt
[2026-01-20 09:55:00,703][main][INFO] - samples 86000.0   training_loss 3750.36 training_loss_running_mean 2679.19 learning_rate 0.00020000 total_sec 2762.0  sec_per_tick 34.8    sec_per_sample 2.17    cpu_mem_gb 2.31   peak_gpu_mem_gb 9.68   peak_gpu_mem_reserved_gb 10.20 
[2026-01-20 10:02:47,767][main][INFO] - samples 87008.0   training_loss 756.27  training_loss_running_mean 2191.71 learning_rate 0.00020000 total_sec 3229.0  sec_per_tick 30.2    sec_per_sample 1.89    cpu_mem_gb 2.33   peak_gpu_mem_gb 9.68   peak_gpu_mem_reserved_gb 10.20 
[2026-01-20 10:10:18,957][main][INFO] - samples 88000.0   training_loss 536.47  training_loss_running_mean 2761.89 learning_rate 0.00020000 total_sec 3680.2  sec_per_tick 29.6    sec_per_sample 1.85    cpu_mem_gb 2.33   peak_gpu_mem_gb 9.68   peak_gpu_mem_reserved_gb 10.20 
[2026-01-20 10:17:42,787][main][INFO] - samples 89008.0   training_loss 2925.98 training_loss_running_mean 3948.66 learning_rate 0.00020000 total_sec 4124.0  sec_per_tick 47.1    sec_per_sample 2.94    cpu_mem_gb 2.33   peak_gpu_mem_gb 9.68   peak_gpu_mem_reserved_gb 10.20 
[2026-01-20 10:24:42,397][main][INFO] - samples 90000.0   training_loss 2267.71 training_loss_running_mean 2524.89 learning_rate 0.00020000 total_sec 4543.7  sec_per_tick 31.4    sec_per_sample 1.96    cpu_mem_gb 2.32   peak_gpu_mem_gb 9.68   peak_gpu_mem_reserved_gb 10.20 
[2026-01-20 10:24:43,465][checkpoint][INFO] - Saved model state dictionary: /beegfs/muduchuru/codes/physicsnemo/examples/weather/corrdiff/checkpoints_regression/UNet.0.90000.mdlus
[2026-01-20 10:24:44,780][checkpoint][INFO] - Saved training checkpoint: /beegfs/muduchuru/codes/physicsnemo/examples/weather/corrdiff/checkpoints_regression/checkpoint.0.90000.pt
[2026-01-20 10:31:41,289][main][INFO] - samples 91008.0   training_loss 952.21  training_loss_running_mean 3402.54 learning_rate 0.00020000 total_sec 4962.5  sec_per_tick 31.1    sec_per_sample 1.94    cpu_mem_gb 2.32   peak_gpu_mem_gb 9.68   peak_gpu_mem_reserved_gb 10.20 
[2026-01-20 10:38:28,008][main][INFO] - samples 92000.0   training_loss 1687.97 training_loss_running_mean 2483.68 learning_rate 0.00020000 total_sec 5369.3  sec_per_tick 36.2    sec_per_sample 2.26    cpu_mem_gb 2.32   peak_gpu_mem_gb 9.68   peak_gpu_mem_reserved_gb 10.20 
[2026-01-20 10:45:42,329][main][INFO] - samples 93008.0   training_loss 9450.67 training_loss_running_mean 1760.69 learning_rate 0.00020000 total_sec 5803.6  sec_per_tick 30.3    sec_per_sample 1.89    cpu_mem_gb 2.32   peak_gpu_mem_gb 9.68   peak_gpu_mem_reserved_gb 10.20 
[2026-01-20 10:52:47,515][main][INFO] - samples 94000.0   training_loss 7548.62 training_loss_running_mean 2632.20 learning_rate 0.00020000 total_sec 6228.8  sec_per_tick 45.2    sec_per_sample 2.83    cpu_mem_gb 2.33   peak_gpu_mem_gb 9.68   peak_gpu_mem_reserved_gb 10.20 
[2026-01-20 10:59:39,836][main][INFO] - samples 95008.0   training_loss 197.40  training_loss_running_mean 2008.60 learning_rate 0.00020000 total_sec 6641.1  sec_per_tick 36.0    sec_per_sample 2.25    cpu_mem_gb 2.33   peak_gpu_mem_gb 9.68   peak_gpu_mem_reserved_gb 10.20 
[2026-01-20 10:59:40,919][checkpoint][INFO] - Saved model state dictionary: /beegfs/muduchuru/codes/physicsnemo/examples/weather/corrdiff/checkpoints_regression/UNet.0.95008.mdlus
[2026-01-20 10:59:41,976][checkpoint][INFO] - Saved training checkpoint: /beegfs/muduchuru/codes/physicsnemo/examples/weather/corrdiff/checkpoints_regression/checkpoint.0.95008.pt
[2026-01-20 11:06:25,460][main][INFO] - samples 96000.0   training_loss 1651.25 training_loss_running_mean 2421.22 learning_rate 0.00020000 total_sec 7046.7  sec_per_tick 30.1    sec_per_sample 1.88    cpu_mem_gb 2.34   peak_gpu_mem_gb 9.68   peak_gpu_mem_reserved_gb 10.20 
[2026-01-20 11:13:09,492][main][INFO] - samples 97008.0   training_loss 3542.29 training_loss_running_mean 2530.49 learning_rate 0.00020000 total_sec 7450.8  sec_per_tick 47.5    sec_per_sample 2.97    cpu_mem_gb 2.34   peak_gpu_mem_gb 9.68   peak_gpu_mem_reserved_gb 10.20 
[2026-01-20 11:19:28,190][main][INFO] - samples 98000.0   training_loss 710.94  training_loss_running_mean 2651.24 learning_rate 0.00020000 total_sec 7829.5  sec_per_tick 31.0    sec_per_sample 1.94    cpu_mem_gb 2.34   peak_gpu_mem_gb 9.68   peak_gpu_mem_reserved_gb 10.20 
[2026-01-20 11:26:01,790][main][INFO] - samples 99008.0   training_loss 3176.61 training_loss_running_mean 1990.51 learning_rate 0.00020000 total_sec 8223.1  sec_per_tick 29.9    sec_per_sample 1.87    cpu_mem_gb 2.34   peak_gpu_mem_gb 9.68   peak_gpu_mem_reserved_gb 10.20 
[2026-01-20 11:32:28,149][main][INFO] - samples 100000.0  training_loss 2068.48 training_loss_running_mean 2099.93 learning_rate 0.00020000 total_sec 8609.4  sec_per_tick 31.8    sec_per_sample 1.99    cpu_mem_gb 2.34   peak_gpu_mem_gb 9.68   peak_gpu_mem_reserved_gb 10.20 
[2026-01-20 11:32:29,234][checkpoint][INFO] - Saved model state dictionary: /beegfs/muduchuru/codes/physicsnemo/examples/weather/corrdiff/checkpoints_regression/UNet.0.100000.mdlus
[2026-01-20 11:32:30,292][checkpoint][INFO] - Saved training checkpoint: /beegfs/muduchuru/codes/physicsnemo/examples/weather/corrdiff/checkpoints_regression/checkpoint.0.100000.pt
[2026-01-20 11:39:02,032][main][INFO] - samples 101008.0  training_loss 473.63  training_loss_running_mean 1898.64 learning_rate 0.00020000 total_sec 9003.3  sec_per_tick 30.0    sec_per_sample 1.88    cpu_mem_gb 2.33   peak_gpu_mem_gb 9.68   peak_gpu_mem_reserved_gb 10.20 
[2026-01-20 11:45:25,676][main][INFO] - samples 102000.0  training_loss 3571.23 training_loss_running_mean 2476.79 learning_rate 0.00020000 total_sec 9386.9  sec_per_tick 43.4    sec_per_sample 2.72    cpu_mem_gb 2.33   peak_gpu_mem_gb 9.68   peak_gpu_mem_reserved_gb 10.20 
[2026-01-20 11:51:44,393][main][INFO] - samples 103008.0  training_loss 240.93  training_loss_running_mean 2390.96 learning_rate 0.00020000 total_sec 9765.7  sec_per_tick 32.0    sec_per_sample 2.00    cpu_mem_gb 2.33   peak_gpu_mem_gb 9.68   peak_gpu_mem_reserved_gb 10.20 
[2026-01-20 11:58:09,208][main][INFO] - samples 104000.0  training_loss 2487.43 training_loss_running_mean 2153.21 learning_rate 0.00020000 total_sec 10150.5 sec_per_tick 29.7    sec_per_sample 1.86    cpu_mem_gb 2.33   peak_gpu_mem_gb 9.68   peak_gpu_mem_reserved_gb 10.20 
[2026-01-20 12:04:36,777][main][INFO] - samples 105008.0  training_loss 305.11  training_loss_running_mean 1958.33 learning_rate 0.00020000 total_sec 10538.0 sec_per_tick 44.1    sec_per_sample 2.76    cpu_mem_gb 2.33   peak_gpu_mem_gb 9.68   peak_gpu_mem_reserved_gb 10.20 
[2026-01-20 12:04:38,009][checkpoint][INFO] - Saved model state dictionary: /beegfs/muduchuru/codes/physicsnemo/examples/weather/corrdiff/checkpoints_regression/UNet.0.105008.mdlus
[2026-01-20 12:04:39,250][checkpoint][INFO] - Saved training checkpoint: /beegfs/muduchuru/codes/physicsnemo/examples/weather/corrdiff/checkpoints_regression/checkpoint.0.105008.pt
[2026-01-20 12:10:50,083][main][INFO] - samples 106000.0  training_loss 3392.38 training_loss_running_mean 2021.89 learning_rate 0.00020000 total_sec 10911.3 sec_per_tick 30.5    sec_per_sample 1.91    cpu_mem_gb 2.33   peak_gpu_mem_gb 9.68   peak_gpu_mem_reserved_gb 10.20 
[2026-01-20 12:17:13,821][main][INFO] - samples 107008.0  training_loss 282.27  training_loss_running_mean 1733.84 learning_rate 0.00020000 total_sec 11295.1 sec_per_tick 30.4    sec_per_sample 1.90    cpu_mem_gb 2.33   peak_gpu_mem_gb 9.68   peak_gpu_mem_reserved_gb 10.20 
[2026-01-20 12:23:25,475][main][INFO] - samples 108000.0  training_loss 2137.64 training_loss_running_mean 2059.36 learning_rate 0.00020000 total_sec 11666.7 sec_per_tick 30.2    sec_per_sample 1.89    cpu_mem_gb 2.33   peak_gpu_mem_gb 9.68   peak_gpu_mem_reserved_gb 10.20 
[2026-01-20 12:29:50,421][main][INFO] - samples 109008.0  training_loss 2883.47 training_loss_running_mean 2599.44 learning_rate 0.00020000 total_sec 12051.7 sec_per_tick 30.8    sec_per_sample 1.93    cpu_mem_gb 2.33   peak_gpu_mem_gb 9.68   peak_gpu_mem_reserved_gb 10.20 
[2026-01-20 12:36:15,110][main][INFO] - samples 110000.0  training_loss 1301.08 training_loss_running_mean 1880.18 learning_rate 0.00020000 total_sec 12436.4 sec_per_tick 42.3    sec_per_sample 2.64    cpu_mem_gb 2.33   peak_gpu_mem_gb 9.68   peak_gpu_mem_reserved_gb 10.20 
[2026-01-20 12:36:16,335][checkpoint][INFO] - Saved model state dictionary: /beegfs/muduchuru/codes/physicsnemo/examples/weather/corrdiff/checkpoints_regression/UNet.0.110000.mdlus
[2026-01-20 12:36:18,022][checkpoint][INFO] - Saved training checkpoint: /beegfs/muduchuru/codes/physicsnemo/examples/weather/corrdiff/checkpoints_regression/checkpoint.0.110000.pt
[2026-01-20 12:42:39,913][main][INFO] - samples 111008.0  training_loss 479.50  training_loss_running_mean 2771.54 learning_rate 0.00020000 total_sec 12821.2 sec_per_tick 38.9    sec_per_sample 2.43    cpu_mem_gb 2.33   peak_gpu_mem_gb 9.68   peak_gpu_mem_reserved_gb 10.20 
[2026-01-20 12:48:50,395][main][INFO] - samples 112000.0  training_loss 1155.77 training_loss_running_mean 2812.53 learning_rate 0.00020000 total_sec 13191.7 sec_per_tick 30.6    sec_per_sample 1.91    cpu_mem_gb 2.33   peak_gpu_mem_gb 9.68   peak_gpu_mem_reserved_gb 10.20 
[2026-01-20 12:55:14,729][main][INFO] - samples 113008.0  training_loss 1954.88 training_loss_running_mean 2426.10 learning_rate 0.00020000 total_sec 13576.0 sec_per_tick 41.8    sec_per_sample 2.61    cpu_mem_gb 2.33   peak_gpu_mem_gb 9.68   peak_gpu_mem_reserved_gb 10.20 
[2026-01-20 13:01:25,594][main][INFO] - samples 114000.0  training_loss 2970.38 training_loss_running_mean 1393.30 learning_rate 0.00020000 total_sec 13946.9 sec_per_tick 32.3    sec_per_sample 2.02    cpu_mem_gb 2.33   peak_gpu_mem_gb 9.68   peak_gpu_mem_reserved_gb 10.20 
[2026-01-20 13:07:54,463][main][INFO] - samples 115008.0  training_loss 4068.65 training_loss_running_mean 2106.60 learning_rate 0.00020000 total_sec 14335.7 sec_per_tick 29.8    sec_per_sample 1.86    cpu_mem_gb 2.33   peak_gpu_mem_gb 9.68   peak_gpu_mem_reserved_gb 10.20 
[2026-01-20 13:07:55,545][checkpoint][INFO] - Saved model state dictionary: /beegfs/muduchuru/codes/physicsnemo/examples/weather/corrdiff/checkpoints_regression/UNet.0.115008.mdlus
[2026-01-20 13:07:56,772][checkpoint][INFO] - Saved training checkpoint: /beegfs/muduchuru/codes/physicsnemo/examples/weather/corrdiff/checkpoints_regression/checkpoint.0.115008.pt
[2026-01-20 13:14:09,851][main][INFO] - samples 116000.0  training_loss 6864.84 training_loss_running_mean 2430.24 learning_rate 0.00020000 total_sec 14711.1 sec_per_tick 33.2    sec_per_sample 2.08    cpu_mem_gb 2.33   peak_gpu_mem_gb 9.68   peak_gpu_mem_reserved_gb 10.20 
[2026-01-20 13:20:32,590][main][INFO] - samples 117008.0  training_loss 261.60  training_loss_running_mean 2217.08 learning_rate 0.00020000 total_sec 15093.9 sec_per_tick 29.7    sec_per_sample 1.86    cpu_mem_gb 2.33   peak_gpu_mem_gb 9.68   peak_gpu_mem_reserved_gb 10.20 
[2026-01-20 13:26:53,063][main][INFO] - samples 118000.0  training_loss 185.20  training_loss_running_mean 2882.38 learning_rate 0.00020000 total_sec 15474.3 sec_per_tick 42.0    sec_per_sample 2.63    cpu_mem_gb 2.33   peak_gpu_mem_gb 9.68   peak_gpu_mem_reserved_gb 10.20 
[2026-01-20 13:33:02,858][main][INFO] - samples 119008.0  training_loss 4342.53 training_loss_running_mean 3238.17 learning_rate 0.00020000 total_sec 15844.1 sec_per_tick 30.1    sec_per_sample 1.88    cpu_mem_gb 2.33   peak_gpu_mem_gb 9.68   peak_gpu_mem_reserved_gb 10.20 
[2026-01-20 13:39:21,609][main][INFO] - samples 120000.0  training_loss 1113.08 training_loss_running_mean 1476.35 learning_rate 0.00020000 total_sec 16222.9 sec_per_tick 29.8    sec_per_sample 1.86    cpu_mem_gb 2.33   peak_gpu_mem_gb 9.68   peak_gpu_mem_reserved_gb 10.20 
[2026-01-20 13:39:23,271][checkpoint][INFO] - Saved model state dictionary: /beegfs/muduchuru/codes/physicsnemo/examples/weather/corrdiff/checkpoints_regression/UNet.0.120000.mdlus
[2026-01-20 13:39:24,854][checkpoint][INFO] - Saved training checkpoint: /beegfs/muduchuru/codes/physicsnemo/examples/weather/corrdiff/checkpoints_regression/checkpoint.0.120000.pt
[2026-01-20 13:45:47,556][main][INFO] - samples 121008.0  training_loss 283.48  training_loss_running_mean 2221.91 learning_rate 0.00020000 total_sec 16608.8 sec_per_tick 42.8    sec_per_sample 2.67    cpu_mem_gb 2.33   peak_gpu_mem_gb 9.68   peak_gpu_mem_reserved_gb 10.20 
[2026-01-20 13:51:57,227][main][INFO] - samples 122000.0  training_loss 821.87  training_loss_running_mean 1832.12 learning_rate 0.00020000 total_sec 16978.5 sec_per_tick 30.6    sec_per_sample 1.91    cpu_mem_gb 2.33   peak_gpu_mem_gb 9.68   peak_gpu_mem_reserved_gb 10.20 
[2026-01-20 13:58:36,824][main][INFO] - samples 123008.0  training_loss 3292.10 training_loss_running_mean 2279.84 learning_rate 0.00020000 total_sec 17378.1 sec_per_tick 32.7    sec_per_sample 2.05    cpu_mem_gb 2.33   peak_gpu_mem_gb 9.68   peak_gpu_mem_reserved_gb 10.20 
[2026-01-20 14:04:50,865][main][INFO] - samples 124000.0  training_loss 1755.98 training_loss_running_mean 1953.34 learning_rate 0.00020000 total_sec 17752.1 sec_per_tick 30.9    sec_per_sample 1.93    cpu_mem_gb 2.33   peak_gpu_mem_gb 9.68   peak_gpu_mem_reserved_gb 10.20 
[2026-01-20 14:11:19,041][main][INFO] - samples 125008.0  training_loss 1076.58 training_loss_running_mean 2453.58 learning_rate 0.00020000 total_sec 18140.3 sec_per_tick 30.4    sec_per_sample 1.90    cpu_mem_gb 2.33   peak_gpu_mem_gb 9.68   peak_gpu_mem_reserved_gb 10.20 
[2026-01-20 14:11:20,163][checkpoint][INFO] - Saved model state dictionary: /beegfs/muduchuru/codes/physicsnemo/examples/weather/corrdiff/checkpoints_regression/UNet.0.125008.mdlus
[2026-01-20 14:11:21,238][checkpoint][INFO] - Saved training checkpoint: /beegfs/muduchuru/codes/physicsnemo/examples/weather/corrdiff/checkpoints_regression/checkpoint.0.125008.pt
[2026-01-20 14:17:39,841][main][INFO] - samples 126000.0  training_loss 227.62  training_loss_running_mean 2466.25 learning_rate 0.00020000 total_sec 18521.1 sec_per_tick 43.0    sec_per_sample 2.69    cpu_mem_gb 2.34   peak_gpu_mem_gb 9.68   peak_gpu_mem_reserved_gb 10.20 
[2026-01-20 14:23:51,113][main][INFO] - samples 127008.0  training_loss 5238.14 training_loss_running_mean 1942.63 learning_rate 0.00020000 total_sec 18892.4 sec_per_tick 29.9    sec_per_sample 1.87    cpu_mem_gb 2.34   peak_gpu_mem_gb 9.68   peak_gpu_mem_reserved_gb 10.20 
[2026-01-20 14:30:07,667][main][INFO] - samples 128000.0  training_loss 1970.90 training_loss_running_mean 2108.63 learning_rate 0.00020000 total_sec 19268.9 sec_per_tick 30.5    sec_per_sample 1.91    cpu_mem_gb 2.34   peak_gpu_mem_gb 9.68   peak_gpu_mem_reserved_gb 10.20 
[2026-01-20 14:36:29,706][main][INFO] - samples 129008.0  training_loss 1270.28 training_loss_running_mean 3511.50 learning_rate 0.00020000 total_sec 19651.0 sec_per_tick 42.9    sec_per_sample 2.68    cpu_mem_gb 2.34   peak_gpu_mem_gb 9.68   peak_gpu_mem_reserved_gb 10.20 
[2026-01-20 14:42:34,908][main][INFO] - samples 130000.0  training_loss 3602.13 training_loss_running_mean 2399.57 learning_rate 0.00020000 total_sec 20016.2 sec_per_tick 30.5    sec_per_sample 1.90    cpu_mem_gb 2.34   peak_gpu_mem_gb 9.68   peak_gpu_mem_reserved_gb 10.20 
[2026-01-20 14:42:36,021][checkpoint][INFO] - Saved model state dictionary: /beegfs/muduchuru/codes/physicsnemo/examples/weather/corrdiff/checkpoints_regression/UNet.0.130000.mdlus
[2026-01-20 14:42:37,381][checkpoint][INFO] - Saved training checkpoint: /beegfs/muduchuru/codes/physicsnemo/examples/weather/corrdiff/checkpoints_regression/checkpoint.0.130000.pt
[2026-01-20 14:48:55,759][main][INFO] - samples 131008.0  training_loss 111.32  training_loss_running_mean 2388.54 learning_rate 0.00020000 total_sec 20397.0 sec_per_tick 29.6    sec_per_sample 1.85    cpu_mem_gb 2.33   peak_gpu_mem_gb 9.68   peak_gpu_mem_reserved_gb 10.20 
[2026-01-20 14:55:01,995][main][INFO] - samples 132000.0  training_loss 393.07  training_loss_running_mean 2136.67 learning_rate 0.00020000 total_sec 20763.3 sec_per_tick 30.9    sec_per_sample 1.93    cpu_mem_gb 2.33   peak_gpu_mem_gb 9.68   peak_gpu_mem_reserved_gb 10.20 
[2026-01-20 15:01:23,377][main][INFO] - samples 133008.0  training_loss 466.21  training_loss_running_mean 2274.71 learning_rate 0.00020000 total_sec 21144.6 sec_per_tick 29.7    sec_per_sample 1.86    cpu_mem_gb 2.33   peak_gpu_mem_gb 9.68   peak_gpu_mem_reserved_gb 10.20 
[2026-01-20 15:07:42,863][main][INFO] - samples 134000.0  training_loss 831.26  training_loss_running_mean 2654.43 learning_rate 0.00020000 total_sec 21524.1 sec_per_tick 44.0    sec_per_sample 2.75    cpu_mem_gb 2.33   peak_gpu_mem_gb 9.68   peak_gpu_mem_reserved_gb 10.20 
[2026-01-20 15:13:52,568][main][INFO] - samples 135008.0  training_loss 942.12  training_loss_running_mean 1970.94 learning_rate 0.00020000 total_sec 21893.8 sec_per_tick 30.1    sec_per_sample 1.88    cpu_mem_gb 2.33   peak_gpu_mem_gb 9.68   peak_gpu_mem_reserved_gb 10.20 
[2026-01-20 15:13:53,796][checkpoint][INFO] - Saved model state dictionary: /beegfs/muduchuru/codes/physicsnemo/examples/weather/corrdiff/checkpoints_regression/UNet.0.135008.mdlus
[2026-01-20 15:13:55,039][checkpoint][INFO] - Saved training checkpoint: /beegfs/muduchuru/codes/physicsnemo/examples/weather/corrdiff/checkpoints_regression/checkpoint.0.135008.pt
[2026-01-20 15:20:09,585][main][INFO] - samples 136000.0  training_loss 2417.51 training_loss_running_mean 1884.76 learning_rate 0.00020000 total_sec 22270.8 sec_per_tick 29.3    sec_per_sample 1.83    cpu_mem_gb 2.34   peak_gpu_mem_gb 9.68   peak_gpu_mem_reserved_gb 10.20 
[2026-01-20 15:26:29,989][main][INFO] - samples 137008.0  training_loss 792.54  training_loss_running_mean 2383.96 learning_rate 0.00020000 total_sec 22651.3 sec_per_tick 43.9    sec_per_sample 2.74    cpu_mem_gb 2.34   peak_gpu_mem_gb 9.68   peak_gpu_mem_reserved_gb 10.20 
[2026-01-20 15:32:38,060][main][INFO] - samples 138000.0  training_loss 3032.57 training_loss_running_mean 2537.64 learning_rate 0.00020000 total_sec 23019.3 sec_per_tick 30.7    sec_per_sample 1.92    cpu_mem_gb 2.34   peak_gpu_mem_gb 9.68   peak_gpu_mem_reserved_gb 10.20 
[2026-01-20 15:38:59,218][main][INFO] - samples 139008.0  training_loss 4764.99 training_loss_running_mean 2620.29 learning_rate 0.00020000 total_sec 23400.5 sec_per_tick 30.0    sec_per_sample 1.87    cpu_mem_gb 2.34   peak_gpu_mem_gb 9.68   peak_gpu_mem_reserved_gb 10.20 
[2026-01-20 15:45:00,097][main][INFO] - samples 140000.0  training_loss 4762.87 training_loss_running_mean 2310.28 learning_rate 0.00020000 total_sec 23761.4 sec_per_tick 30.8    sec_per_sample 1.93    cpu_mem_gb 2.34   peak_gpu_mem_gb 9.68   peak_gpu_mem_reserved_gb 10.20 
[2026-01-20 15:45:01,375][checkpoint][INFO] - Saved model state dictionary: /beegfs/muduchuru/codes/physicsnemo/examples/weather/corrdiff/checkpoints_regression/UNet.0.140000.mdlus
[2026-01-20 15:45:02,457][checkpoint][INFO] - Saved training checkpoint: /beegfs/muduchuru/codes/physicsnemo/examples/weather/corrdiff/checkpoints_regression/checkpoint.0.140000.pt
[2026-01-20 15:51:16,848][main][INFO] - samples 141008.0  training_loss 1045.67 training_loss_running_mean 2378.84 learning_rate 0.00020000 total_sec 24138.1 sec_per_tick 29.8    sec_per_sample 1.86    cpu_mem_gb 2.34   peak_gpu_mem_gb 9.68   peak_gpu_mem_reserved_gb 10.20 
[2026-01-20 15:57:29,565][main][INFO] - samples 142000.0  training_loss 279.59  training_loss_running_mean 2661.77 learning_rate 0.00020000 total_sec 24510.8 sec_per_tick 41.6    sec_per_sample 2.60    cpu_mem_gb 2.33   peak_gpu_mem_gb 9.68   peak_gpu_mem_reserved_gb 10.20 
[2026-01-20 16:03:34,413][main][INFO] - samples 143008.0  training_loss 3591.76 training_loss_running_mean 2129.83 learning_rate 0.00020000 total_sec 24875.7 sec_per_tick 32.8    sec_per_sample 2.05    cpu_mem_gb 2.33   peak_gpu_mem_gb 9.68   peak_gpu_mem_reserved_gb 10.20 
[2026-01-20 16:09:46,436][main][INFO] - samples 144000.0  training_loss 3175.15 training_loss_running_mean 2202.83 learning_rate 0.00020000 total_sec 25247.7 sec_per_tick 31.2    sec_per_sample 1.95    cpu_mem_gb 2.33   peak_gpu_mem_gb 9.68   peak_gpu_mem_reserved_gb 10.20 
[2026-01-20 16:16:03,415][main][INFO] - samples 145008.0  training_loss 992.31  training_loss_running_mean 2820.25 learning_rate 0.00020000 total_sec 25624.7 sec_per_tick 43.3    sec_per_sample 2.71    cpu_mem_gb 2.33   peak_gpu_mem_gb 9.68   peak_gpu_mem_reserved_gb 10.20 
[2026-01-20 16:16:04,586][checkpoint][INFO] - Saved model state dictionary: /beegfs/muduchuru/codes/physicsnemo/examples/weather/corrdiff/checkpoints_regression/UNet.0.145008.mdlus
[2026-01-20 16:16:05,576][checkpoint][INFO] - Saved training checkpoint: /beegfs/muduchuru/codes/physicsnemo/examples/weather/corrdiff/checkpoints_regression/checkpoint.0.145008.pt
[2026-01-20 16:22:05,495][main][INFO] - samples 146000.0  training_loss 1284.64 training_loss_running_mean 2088.25 learning_rate 0.00020000 total_sec 25986.8 sec_per_tick 30.6    sec_per_sample 1.91    cpu_mem_gb 2.34   peak_gpu_mem_gb 9.68   peak_gpu_mem_reserved_gb 10.20 
[2026-01-20 16:28:21,524][main][INFO] - samples 147008.0  training_loss 2876.49 training_loss_running_mean 2185.30 learning_rate 0.00020000 total_sec 26362.8 sec_per_tick 30.0    sec_per_sample 1.87    cpu_mem_gb 2.34   peak_gpu_mem_gb 9.68   peak_gpu_mem_reserved_gb 10.20 
[2026-01-20 16:34:25,555][main][INFO] - samples 148000.0  training_loss 1378.97 training_loss_running_mean 2357.84 learning_rate 0.00020000 total_sec 26726.8 sec_per_tick 32.2    sec_per_sample 2.01    cpu_mem_gb 2.34   peak_gpu_mem_gb 9.68   peak_gpu_mem_reserved_gb 10.20 
[2026-01-20 16:40:41,306][main][INFO] - samples 149008.0  training_loss 644.56  training_loss_running_mean 3003.01 learning_rate 0.00020000 total_sec 27102.6 sec_per_tick 29.9    sec_per_sample 1.87    cpu_mem_gb 2.34   peak_gpu_mem_gb 9.68   peak_gpu_mem_reserved_gb 10.20 
[2026-01-20 16:46:55,915][main][INFO] - samples 150000.0  training_loss 302.37  training_loss_running_mean 2149.78 learning_rate 0.00020000 total_sec 27477.2 sec_per_tick 35.5    sec_per_sample 2.22    cpu_mem_gb 2.34   peak_gpu_mem_gb 9.68   peak_gpu_mem_reserved_gb 10.20 
[2026-01-20 16:46:57,090][checkpoint][INFO] - Saved model state dictionary: /beegfs/muduchuru/codes/physicsnemo/examples/weather/corrdiff/checkpoints_regression/UNet.0.150000.mdlus
[2026-01-20 16:46:58,202][checkpoint][INFO] - Saved training checkpoint: /beegfs/muduchuru/codes/physicsnemo/examples/weather/corrdiff/checkpoints_regression/checkpoint.0.150000.pt
[2026-01-20 16:53:01,331][main][INFO] - samples 151008.0  training_loss 426.98  training_loss_running_mean 2974.94 learning_rate 0.00020000 total_sec 27842.6 sec_per_tick 30.1    sec_per_sample 1.88    cpu_mem_gb 2.34   peak_gpu_mem_gb 9.68   peak_gpu_mem_reserved_gb 10.20 
[2026-01-20 16:59:13,506][main][INFO] - samples 152000.0  training_loss 283.28  training_loss_running_mean 2718.62 learning_rate 0.00020000 total_sec 28214.8 sec_per_tick 31.2    sec_per_sample 1.95    cpu_mem_gb 2.34   peak_gpu_mem_gb 9.68   peak_gpu_mem_reserved_gb 10.20 
[2026-01-20 17:05:29,254][main][INFO] - samples 153008.0  training_loss 2826.20 training_loss_running_mean 2147.39 learning_rate 0.00020000 total_sec 28590.5 sec_per_tick 42.3    sec_per_sample 2.65    cpu_mem_gb 2.34   peak_gpu_mem_gb 9.68   peak_gpu_mem_reserved_gb 10.20 
[2026-01-20 17:11:31,789][main][INFO] - samples 154000.0  training_loss 5770.08 training_loss_running_mean 2007.50 learning_rate 0.00020000 total_sec 28953.1 sec_per_tick 30.2    sec_per_sample 1.89    cpu_mem_gb 2.34   peak_gpu_mem_gb 9.68   peak_gpu_mem_reserved_gb 10.20 
[2026-01-20 17:17:46,775][main][INFO] - samples 155008.0  training_loss 927.74  training_loss_running_mean 2446.50 learning_rate 0.00020000 total_sec 29328.0 sec_per_tick 29.9    sec_per_sample 1.87    cpu_mem_gb 2.34   peak_gpu_mem_gb 9.68   peak_gpu_mem_reserved_gb 10.20 
[2026-01-20 17:17:47,850][checkpoint][INFO] - Saved model state dictionary: /beegfs/muduchuru/codes/physicsnemo/examples/weather/corrdiff/checkpoints_regression/UNet.0.155008.mdlus
[2026-01-20 17:17:49,824][checkpoint][INFO] - Saved training checkpoint: /beegfs/muduchuru/codes/physicsnemo/examples/weather/corrdiff/checkpoints_regression/checkpoint.0.155008.pt
[2026-01-20 17:23:49,676][main][INFO] - samples 156000.0  training_loss 874.42  training_loss_running_mean 2168.37 learning_rate 0.00020000 total_sec 29690.9 sec_per_tick 32.3    sec_per_sample 2.02    cpu_mem_gb 2.34   peak_gpu_mem_gb 9.68   peak_gpu_mem_reserved_gb 10.20 
[2026-01-20 17:30:04,946][main][INFO] - samples 157008.0  training_loss 3307.63 training_loss_running_mean 2406.82 learning_rate 0.00020000 total_sec 30066.2 sec_per_tick 32.7    sec_per_sample 2.04    cpu_mem_gb 2.34   peak_gpu_mem_gb 9.68   peak_gpu_mem_reserved_gb 10.20 
[2026-01-20 17:36:17,166][main][INFO] - samples 158000.0  training_loss 668.17  training_loss_running_mean 2410.62 learning_rate 0.00020000 total_sec 30438.4 sec_per_tick 36.8    sec_per_sample 2.30    cpu_mem_gb 2.34   peak_gpu_mem_gb 9.68   peak_gpu_mem_reserved_gb 10.20 
[2026-01-20 17:42:25,599][main][INFO] - samples 159008.0  training_loss 1207.51 training_loss_running_mean 1736.76 learning_rate 0.00020000 total_sec 30806.9 sec_per_tick 34.2    sec_per_sample 2.14    cpu_mem_gb 2.34   peak_gpu_mem_gb 9.68   peak_gpu_mem_reserved_gb 10.20 
[2026-01-20 17:48:36,469][main][INFO] - samples 160000.0  training_loss 878.20  training_loss_running_mean 3297.43 learning_rate 0.00020000 total_sec 31177.7 sec_per_tick 30.6    sec_per_sample 1.91    cpu_mem_gb 2.34   peak_gpu_mem_gb 9.68   peak_gpu_mem_reserved_gb 10.20 
[2026-01-20 17:48:37,767][checkpoint][INFO] - Saved model state dictionary: /beegfs/muduchuru/codes/physicsnemo/examples/weather/corrdiff/checkpoints_regression/UNet.0.160000.mdlus
[2026-01-20 17:48:38,826][checkpoint][INFO] - Saved training checkpoint: /beegfs/muduchuru/codes/physicsnemo/examples/weather/corrdiff/checkpoints_regression/checkpoint.0.160000.pt
[2026-01-20 17:54:49,250][main][INFO] - samples 161008.0  training_loss 673.94  training_loss_running_mean 2074.97 learning_rate 0.00020000 total_sec 31550.5 sec_per_tick 39.2    sec_per_sample 2.45    cpu_mem_gb 2.35   peak_gpu_mem_gb 9.68   peak_gpu_mem_reserved_gb 10.20 
[2026-01-20 18:00:52,757][main][INFO] - samples 162000.0  training_loss 540.28  training_loss_running_mean 2202.09 learning_rate 0.00020000 total_sec 31914.0 sec_per_tick 32.0    sec_per_sample 2.00    cpu_mem_gb 2.35   peak_gpu_mem_gb 9.68   peak_gpu_mem_reserved_gb 10.20 
[2026-01-20 18:07:06,182][main][INFO] - samples 163008.0  training_loss 4045.82 training_loss_running_mean 3076.20 learning_rate 0.00020000 total_sec 32287.4 sec_per_tick 30.4    sec_per_sample 1.90    cpu_mem_gb 2.34   peak_gpu_mem_gb 9.68   peak_gpu_mem_reserved_gb 10.20 
[2026-01-20 18:13:08,203][main][INFO] - samples 164000.0  training_loss 3185.03 training_loss_running_mean 2833.56 learning_rate 0.00020000 total_sec 32649.5 sec_per_tick 30.9    sec_per_sample 1.93    cpu_mem_gb 2.34   peak_gpu_mem_gb 9.68   peak_gpu_mem_reserved_gb 10.20 
[2026-01-20 18:19:23,895][main][INFO] - samples 165008.0  training_loss 371.36  training_loss_running_mean 2369.97 learning_rate 0.00020000 total_sec 33025.2 sec_per_tick 30.2    sec_per_sample 1.89    cpu_mem_gb 2.34   peak_gpu_mem_gb 9.68   peak_gpu_mem_reserved_gb 10.20 
[2026-01-20 18:19:24,975][checkpoint][INFO] - Saved model state dictionary: /beegfs/muduchuru/codes/physicsnemo/examples/weather/corrdiff/checkpoints_regression/UNet.0.165008.mdlus
[2026-01-20 18:19:26,048][checkpoint][INFO] - Saved training checkpoint: /beegfs/muduchuru/codes/physicsnemo/examples/weather/corrdiff/checkpoints_regression/checkpoint.0.165008.pt
[2026-01-20 18:25:35,174][main][INFO] - samples 166000.0  training_loss 784.64  training_loss_running_mean 2394.34 learning_rate 0.00020000 total_sec 33396.4 sec_per_tick 40.7    sec_per_sample 2.55    cpu_mem_gb 2.35   peak_gpu_mem_gb 9.68   peak_gpu_mem_reserved_gb 10.20 
[2026-01-20 18:31:41,322][main][INFO] - samples 167008.0  training_loss 4103.07 training_loss_running_mean 2325.23 learning_rate 0.00020000 total_sec 33762.6 sec_per_tick 30.4    sec_per_sample 1.90    cpu_mem_gb 2.35   peak_gpu_mem_gb 9.68   peak_gpu_mem_reserved_gb 10.20 
[2026-01-20 18:37:55,537][main][INFO] - samples 168000.0  training_loss 92.96   training_loss_running_mean 2119.10 learning_rate 0.00020000 total_sec 34136.8 sec_per_tick 30.0    sec_per_sample 1.88    cpu_mem_gb 2.35   peak_gpu_mem_gb 9.68   peak_gpu_mem_reserved_gb 10.20 
[2026-01-20 18:44:12,182][main][INFO] - samples 169008.0  training_loss 5644.58 training_loss_running_mean 2452.65 learning_rate 0.00020000 total_sec 34513.4 sec_per_tick 42.5    sec_per_sample 2.66    cpu_mem_gb 2.35   peak_gpu_mem_gb 9.68   peak_gpu_mem_reserved_gb 10.20 
[2026-01-20 18:50:13,433][main][INFO] - samples 170000.0  training_loss 1976.84 training_loss_running_mean 1848.01 learning_rate 0.00020000 total_sec 34874.7 sec_per_tick 29.9    sec_per_sample 1.87    cpu_mem_gb 2.35   peak_gpu_mem_gb 9.68   peak_gpu_mem_reserved_gb 10.20 
[2026-01-20 18:50:16,092][checkpoint][INFO] - Saved model state dictionary: /beegfs/muduchuru/codes/physicsnemo/examples/weather/corrdiff/checkpoints_regression/UNet.0.170000.mdlus
[2026-01-20 18:50:18,880][checkpoint][INFO] - Saved training checkpoint: /beegfs/muduchuru/codes/physicsnemo/examples/weather/corrdiff/checkpoints_regression/checkpoint.0.170000.pt
[2026-01-20 18:56:28,051][main][INFO] - samples 171008.0  training_loss 804.94  training_loss_running_mean 1725.35 learning_rate 0.00020000 total_sec 35249.3 sec_per_tick 33.3    sec_per_sample 2.08    cpu_mem_gb 2.35   peak_gpu_mem_gb 9.68   peak_gpu_mem_reserved_gb 10.20 
[2026-01-20 19:02:44,403][main][INFO] - samples 172000.0  training_loss 4044.11 training_loss_running_mean 1736.37 learning_rate 0.00020000 total_sec 35625.7 sec_per_tick 40.5    sec_per_sample 2.53    cpu_mem_gb 2.35   peak_gpu_mem_gb 9.68   peak_gpu_mem_reserved_gb 10.20 
[2026-01-20 19:08:51,978][main][INFO] - samples 173008.0  training_loss 384.76  training_loss_running_mean 1988.20 learning_rate 0.00020000 total_sec 35993.2 sec_per_tick 30.3    sec_per_sample 1.89    cpu_mem_gb 2.35   peak_gpu_mem_gb 9.68   peak_gpu_mem_reserved_gb 10.20 
[2026-01-20 19:15:04,577][main][INFO] - samples 174000.0  training_loss 5411.09 training_loss_running_mean 2442.69 learning_rate 0.00020000 total_sec 36365.8 sec_per_tick 35.1    sec_per_sample 2.19    cpu_mem_gb 2.33   peak_gpu_mem_gb 9.68   peak_gpu_mem_reserved_gb 10.20 
[2026-01-20 19:21:15,768][main][INFO] - samples 175008.0  training_loss 11989.93 training_loss_running_mean 2299.20 learning_rate 0.00020000 total_sec 36737.0 sec_per_tick 37.1    sec_per_sample 2.32    cpu_mem_gb 2.33   peak_gpu_mem_gb 9.68   peak_gpu_mem_reserved_gb 10.20 
[2026-01-20 19:21:16,888][checkpoint][INFO] - Saved model state dictionary: /beegfs/muduchuru/codes/physicsnemo/examples/weather/corrdiff/checkpoints_regression/UNet.0.175008.mdlus
[2026-01-20 19:21:17,947][checkpoint][INFO] - Saved training checkpoint: /beegfs/muduchuru/codes/physicsnemo/examples/weather/corrdiff/checkpoints_regression/checkpoint.0.175008.pt
[2026-01-20 19:27:20,843][main][INFO] - samples 176000.0  training_loss 2167.64 training_loss_running_mean 2615.86 learning_rate 0.00020000 total_sec 37102.1 sec_per_tick 30.9    sec_per_sample 1.93    cpu_mem_gb 2.34   peak_gpu_mem_gb 9.68   peak_gpu_mem_reserved_gb 10.20 
[2026-01-20 19:33:37,521][main][INFO] - samples 177008.0  training_loss 2002.64 training_loss_running_mean 2358.83 learning_rate 0.00020000 total_sec 37478.8 sec_per_tick 31.9    sec_per_sample 2.00    cpu_mem_gb 2.34   peak_gpu_mem_gb 9.68   peak_gpu_mem_reserved_gb 10.20 
[2026-01-20 19:39:39,007][main][INFO] - samples 178000.0  training_loss 808.58  training_loss_running_mean 2048.91 learning_rate 0.00020000 total_sec 37840.3 sec_per_tick 31.3    sec_per_sample 1.95    cpu_mem_gb 2.34   peak_gpu_mem_gb 9.68   peak_gpu_mem_reserved_gb 10.20 
[2026-01-20 19:45:52,623][main][INFO] - samples 179008.0  training_loss 2189.13 training_loss_running_mean 1965.81 learning_rate 0.00020000 total_sec 38213.9 sec_per_tick 30.2    sec_per_sample 1.89    cpu_mem_gb 2.34   peak_gpu_mem_gb 9.68   peak_gpu_mem_reserved_gb 10.20 
[2026-01-20 19:51:53,848][main][INFO] - samples 180000.0  training_loss 765.00  training_loss_running_mean 2547.58 learning_rate 0.00020000 total_sec 38575.1 sec_per_tick 30.7    sec_per_sample 1.92    cpu_mem_gb 2.34   peak_gpu_mem_gb 9.68   peak_gpu_mem_reserved_gb 10.20 
[2026-01-20 19:51:54,952][checkpoint][INFO] - Saved model state dictionary: /beegfs/muduchuru/codes/physicsnemo/examples/weather/corrdiff/checkpoints_regression/UNet.0.180000.mdlus
[2026-01-20 19:51:55,981][checkpoint][INFO] - Saved training checkpoint: /beegfs/muduchuru/codes/physicsnemo/examples/weather/corrdiff/checkpoints_regression/checkpoint.0.180000.pt
[2026-01-20 19:58:09,951][main][INFO] - samples 181008.0  training_loss 690.03  training_loss_running_mean 1743.37 learning_rate 0.00020000 total_sec 38951.2 sec_per_tick 29.9    sec_per_sample 1.87    cpu_mem_gb 2.34   peak_gpu_mem_gb 9.68   peak_gpu_mem_reserved_gb 10.20 
[2026-01-20 20:04:21,401][main][INFO] - samples 182000.0  training_loss 748.11  training_loss_running_mean 1983.17 learning_rate 0.00020000 total_sec 39322.7 sec_per_tick 40.1    sec_per_sample 2.51    cpu_mem_gb 2.34   peak_gpu_mem_gb 9.68   peak_gpu_mem_reserved_gb 10.20 
[2026-01-20 20:10:26,037][main][INFO] - samples 183008.0  training_loss 2660.28 training_loss_running_mean 2619.99 learning_rate 0.00020000 total_sec 39687.3 sec_per_tick 33.2    sec_per_sample 2.08    cpu_mem_gb 2.34   peak_gpu_mem_gb 9.68   peak_gpu_mem_reserved_gb 10.20 
[2026-01-20 20:16:30,625][main][INFO] - samples 184000.0  training_loss 1251.95 training_loss_running_mean 2623.03 learning_rate 0.00020000 total_sec 40051.9 sec_per_tick 31.9    sec_per_sample 1.99    cpu_mem_gb 2.33   peak_gpu_mem_gb 9.68   peak_gpu_mem_reserved_gb 10.20 
[2026-01-20 20:22:38,317][main][INFO] - samples 185008.0  training_loss 14016.75 training_loss_running_mean 2671.64 learning_rate 0.00020000 total_sec 40419.6 sec_per_tick 37.1    sec_per_sample 2.32    cpu_mem_gb 2.33   peak_gpu_mem_gb 9.68   peak_gpu_mem_reserved_gb 10.20 
[2026-01-20 20:22:39,427][checkpoint][INFO] - Saved model state dictionary: /beegfs/muduchuru/codes/physicsnemo/examples/weather/corrdiff/checkpoints_regression/UNet.0.185008.mdlus
[2026-01-20 20:22:40,479][checkpoint][INFO] - Saved training checkpoint: /beegfs/muduchuru/codes/physicsnemo/examples/weather/corrdiff/checkpoints_regression/checkpoint.0.185008.pt
[2026-01-20 20:28:40,789][main][INFO] - samples 186000.0  training_loss 3063.51 training_loss_running_mean 2984.22 learning_rate 0.00020000 total_sec 40782.1 sec_per_tick 31.5    sec_per_sample 1.97    cpu_mem_gb 2.34   peak_gpu_mem_gb 9.68   peak_gpu_mem_reserved_gb 10.20 
[2026-01-20 20:34:46,133][main][INFO] - samples 187008.0  training_loss 754.47  training_loss_running_mean 1696.70 learning_rate 0.00020000 total_sec 41147.4 sec_per_tick 30.4    sec_per_sample 1.90    cpu_mem_gb 2.34   peak_gpu_mem_gb 9.68   peak_gpu_mem_reserved_gb 10.20 
[2026-01-20 20:40:51,364][main][INFO] - samples 188000.0  training_loss 3248.89 training_loss_running_mean 2765.95 learning_rate 0.00020000 total_sec 41512.6 sec_per_tick 33.1    sec_per_sample 2.07    cpu_mem_gb 2.34   peak_gpu_mem_gb 9.68   peak_gpu_mem_reserved_gb 10.20 
[2026-01-20 20:46:58,885][main][INFO] - samples 189008.0  training_loss 1319.78 training_loss_running_mean 2112.79 learning_rate 0.00020000 total_sec 41880.1 sec_per_tick 37.1    sec_per_sample 2.32    cpu_mem_gb 2.34   peak_gpu_mem_gb 9.68   peak_gpu_mem_reserved_gb 10.20 
[2026-01-20 20:53:02,740][main][INFO] - samples 190000.0  training_loss 6757.28 training_loss_running_mean 2079.47 learning_rate 0.00020000 total_sec 42244.0 sec_per_tick 36.8    sec_per_sample 2.30    cpu_mem_gb 2.34   peak_gpu_mem_gb 9.68   peak_gpu_mem_reserved_gb 10.20 
[2026-01-20 20:53:03,832][checkpoint][INFO] - Saved model state dictionary: /beegfs/muduchuru/codes/physicsnemo/examples/weather/corrdiff/checkpoints_regression/UNet.0.190000.mdlus
[2026-01-20 20:53:04,865][checkpoint][INFO] - Saved training checkpoint: /beegfs/muduchuru/codes/physicsnemo/examples/weather/corrdiff/checkpoints_regression/checkpoint.0.190000.pt
[2026-01-20 20:59:09,871][main][INFO] - samples 191008.0  training_loss 1463.25 training_loss_running_mean 2282.19 learning_rate 0.00020000 total_sec 42611.1 sec_per_tick 33.7    sec_per_sample 2.11    cpu_mem_gb 2.34   peak_gpu_mem_gb 9.68   peak_gpu_mem_reserved_gb 10.20 
[2026-01-20 21:05:07,231][main][INFO] - samples 192000.0  training_loss 262.88  training_loss_running_mean 2116.04 learning_rate 0.00020000 total_sec 42968.5 sec_per_tick 31.3    sec_per_sample 1.96    cpu_mem_gb 2.34   peak_gpu_mem_gb 9.68   peak_gpu_mem_reserved_gb 10.20 
[2026-01-20 21:11:15,524][main][INFO] - samples 193008.0  training_loss 330.74  training_loss_running_mean 2156.40 learning_rate 0.00020000 total_sec 43336.8 sec_per_tick 29.9    sec_per_sample 1.87    cpu_mem_gb 2.34   peak_gpu_mem_gb 9.68   peak_gpu_mem_reserved_gb 10.20 
[2026-01-20 21:17:16,242][main][INFO] - samples 194000.0  training_loss 4314.31 training_loss_running_mean 2203.15 learning_rate 0.00020000 total_sec 43697.5 sec_per_tick 32.1    sec_per_sample 2.01    cpu_mem_gb 2.34   peak_gpu_mem_gb 9.68   peak_gpu_mem_reserved_gb 10.20 
[2026-01-20 21:23:23,445][main][INFO] - samples 195008.0  training_loss 954.98  training_loss_running_mean 2507.09 learning_rate 0.00020000 total_sec 44064.7 sec_per_tick 30.2    sec_per_sample 1.88    cpu_mem_gb 2.33   peak_gpu_mem_gb 9.68   peak_gpu_mem_reserved_gb 10.20 
[2026-01-20 21:23:24,620][checkpoint][INFO] - Saved model state dictionary: /beegfs/muduchuru/codes/physicsnemo/examples/weather/corrdiff/checkpoints_regression/UNet.0.195008.mdlus
[2026-01-20 21:23:25,637][checkpoint][INFO] - Saved training checkpoint: /beegfs/muduchuru/codes/physicsnemo/examples/weather/corrdiff/checkpoints_regression/checkpoint.0.195008.pt
[2026-01-20 21:29:33,478][main][INFO] - samples 196000.0  training_loss 3419.90 training_loss_running_mean 2383.84 learning_rate 0.00020000 total_sec 44434.7 sec_per_tick 42.4    sec_per_sample 2.65    cpu_mem_gb 2.34   peak_gpu_mem_gb 9.68   peak_gpu_mem_reserved_gb 10.20 
[2026-01-20 21:35:36,660][main][INFO] - samples 197008.0  training_loss 1223.34 training_loss_running_mean 2717.19 learning_rate 0.00020000 total_sec 44797.9 sec_per_tick 30.3    sec_per_sample 1.90    cpu_mem_gb 2.34   peak_gpu_mem_gb 9.68   peak_gpu_mem_reserved_gb 10.20 
[2026-01-20 21:41:49,966][main][INFO] - samples 198000.0  training_loss 1575.41 training_loss_running_mean 2264.02 learning_rate 0.00020000 total_sec 45171.2 sec_per_tick 40.8    sec_per_sample 2.55    cpu_mem_gb 2.34   peak_gpu_mem_gb 9.68   peak_gpu_mem_reserved_gb 10.20 
[2026-01-20 21:47:51,739][main][INFO] - samples 199008.0  training_loss 1991.73 training_loss_running_mean 2813.78 learning_rate 0.00020000 total_sec 45533.0 sec_per_tick 29.9    sec_per_sample 1.87    cpu_mem_gb 2.34   peak_gpu_mem_gb 9.68   peak_gpu_mem_reserved_gb 10.20 
[2026-01-20 21:53:59,811][main][INFO] - samples 200000.0  training_loss 101.24  training_loss_running_mean 2142.37 learning_rate 0.00020000 total_sec 45901.1 sec_per_tick 29.8    sec_per_sample 1.86    cpu_mem_gb 2.34   peak_gpu_mem_gb 9.68   peak_gpu_mem_reserved_gb 10.20 
[2026-01-20 21:54:00,879][checkpoint][INFO] - Saved model state dictionary: /beegfs/muduchuru/codes/physicsnemo/examples/weather/corrdiff/checkpoints_regression/UNet.0.200000.mdlus
[2026-01-20 21:54:01,929][checkpoint][INFO] - Saved training checkpoint: /beegfs/muduchuru/codes/physicsnemo/examples/weather/corrdiff/checkpoints_regression/checkpoint.0.200000.pt
[2026-01-20 22:00:14,833][main][INFO] - samples 201008.0  training_loss 3365.15 training_loss_running_mean 2520.49 learning_rate 0.00020000 total_sec 46276.1 sec_per_tick 37.8    sec_per_sample 2.36    cpu_mem_gb 2.34   peak_gpu_mem_gb 9.68   peak_gpu_mem_reserved_gb 10.20 
[2026-01-20 22:06:11,884][main][INFO] - samples 202000.0  training_loss 666.55  training_loss_running_mean 1928.15 learning_rate 0.00020000 total_sec 46633.1 sec_per_tick 30.0    sec_per_sample 1.87    cpu_mem_gb 2.34   peak_gpu_mem_gb 9.68   peak_gpu_mem_reserved_gb 10.20 
[2026-01-20 22:12:25,108][main][INFO] - samples 203008.0  training_loss 400.72  training_loss_running_mean 2765.07 learning_rate 0.00020000 total_sec 47006.4 sec_per_tick 29.5    sec_per_sample 1.84    cpu_mem_gb 2.34   peak_gpu_mem_gb 9.68   peak_gpu_mem_reserved_gb 10.20 
[2026-01-20 22:18:20,652][main][INFO] - samples 204000.0  training_loss 6857.57 training_loss_running_mean 1813.90 learning_rate 0.00020000 total_sec 47361.9 sec_per_tick 29.8    sec_per_sample 1.86    cpu_mem_gb 2.34   peak_gpu_mem_gb 9.68   peak_gpu_mem_reserved_gb 10.20 
[2026-01-20 22:24:29,690][main][INFO] - samples 205008.0  training_loss 733.99  training_loss_running_mean 2866.19 learning_rate 0.00020000 total_sec 47731.0 sec_per_tick 31.2    sec_per_sample 1.95    cpu_mem_gb 2.33   peak_gpu_mem_gb 9.68   peak_gpu_mem_reserved_gb 10.20 
[2026-01-20 22:24:30,756][checkpoint][INFO] - Saved model state dictionary: /beegfs/muduchuru/codes/physicsnemo/examples/weather/corrdiff/checkpoints_regression/UNet.0.205008.mdlus
[2026-01-20 22:24:31,833][checkpoint][INFO] - Saved training checkpoint: /beegfs/muduchuru/codes/physicsnemo/examples/weather/corrdiff/checkpoints_regression/checkpoint.0.205008.pt
[2026-01-20 22:30:32,741][main][INFO] - samples 206000.0  training_loss 3238.10 training_loss_running_mean 2866.17 learning_rate 0.00020000 total_sec 48094.0 sec_per_tick 37.9    sec_per_sample 2.37    cpu_mem_gb 2.34   peak_gpu_mem_gb 9.68   peak_gpu_mem_reserved_gb 10.20 
[2026-01-20 22:36:26,342][main][INFO] - samples 207008.0  training_loss 6227.05 training_loss_running_mean 3048.13 learning_rate 0.00020000 total_sec 48447.6 sec_per_tick 29.8    sec_per_sample 1.86    cpu_mem_gb 2.35   peak_gpu_mem_gb 9.68   peak_gpu_mem_reserved_gb 10.20 
[2026-01-20 22:42:24,465][main][INFO] - samples 208000.0  training_loss 1050.24 training_loss_running_mean 1914.64 learning_rate 0.00020000 total_sec 48805.7 sec_per_tick 29.5    sec_per_sample 1.85    cpu_mem_gb 2.35   peak_gpu_mem_gb 9.68   peak_gpu_mem_reserved_gb 10.20 
[2026-01-20 22:48:31,952][main][INFO] - samples 209008.0  training_loss 307.54  training_loss_running_mean 1600.97 learning_rate 0.00020000 total_sec 49173.2 sec_per_tick 41.1    sec_per_sample 2.57    cpu_mem_gb 2.35   peak_gpu_mem_gb 9.68   peak_gpu_mem_reserved_gb 10.20 
[2026-01-20 22:54:30,259][main][INFO] - samples 210000.0  training_loss 5831.20 training_loss_running_mean 2067.55 learning_rate 0.00020000 total_sec 49531.5 sec_per_tick 29.8    sec_per_sample 1.86    cpu_mem_gb 2.35   peak_gpu_mem_gb 9.68   peak_gpu_mem_reserved_gb 10.20 
[2026-01-20 22:54:31,419][checkpoint][INFO] - Saved model state dictionary: /beegfs/muduchuru/codes/physicsnemo/examples/weather/corrdiff/checkpoints_regression/UNet.0.210000.mdlus
[2026-01-20 22:54:32,488][checkpoint][INFO] - Saved training checkpoint: /beegfs/muduchuru/codes/physicsnemo/examples/weather/corrdiff/checkpoints_regression/checkpoint.0.210000.pt
[2026-01-20 23:00:41,082][main][INFO] - samples 211008.0  training_loss 2653.83 training_loss_running_mean 2171.58 learning_rate 0.00020000 total_sec 49902.3 sec_per_tick 29.8    sec_per_sample 1.86    cpu_mem_gb 2.35   peak_gpu_mem_gb 9.68   peak_gpu_mem_reserved_gb 10.20 
[2026-01-20 23:06:38,417][main][INFO] - samples 212000.0  training_loss 946.11  training_loss_running_mean 1862.08 learning_rate 0.00020000 total_sec 50259.7 sec_per_tick 30.2    sec_per_sample 1.89    cpu_mem_gb 2.35   peak_gpu_mem_gb 9.68   peak_gpu_mem_reserved_gb 10.20 
[2026-01-20 23:12:48,884][main][INFO] - samples 213008.0  training_loss 115.88  training_loss_running_mean 3031.94 learning_rate 0.00020000 total_sec 50630.1 sec_per_tick 30.1    sec_per_sample 1.88    cpu_mem_gb 2.35   peak_gpu_mem_gb 9.68   peak_gpu_mem_reserved_gb 10.20 
[2026-01-20 23:18:55,621][main][INFO] - samples 214000.0  training_loss 424.66  training_loss_running_mean 1794.22 learning_rate 0.00020000 total_sec 50996.9 sec_per_tick 41.6    sec_per_sample 2.60    cpu_mem_gb 2.35   peak_gpu_mem_gb 9.68   peak_gpu_mem_reserved_gb 10.20 
[2026-01-20 23:24:54,742][main][INFO] - samples 215008.0  training_loss 1158.88 training_loss_running_mean 2259.27 learning_rate 0.00020000 total_sec 51356.0 sec_per_tick 30.4    sec_per_sample 1.90    cpu_mem_gb 2.34   peak_gpu_mem_gb 9.68   peak_gpu_mem_reserved_gb 10.20 
[2026-01-20 23:24:55,957][checkpoint][INFO] - Saved model state dictionary: /beegfs/muduchuru/codes/physicsnemo/examples/weather/corrdiff/checkpoints_regression/UNet.0.215008.mdlus
[2026-01-20 23:24:57,282][checkpoint][INFO] - Saved training checkpoint: /beegfs/muduchuru/codes/physicsnemo/examples/weather/corrdiff/checkpoints_regression/checkpoint.0.215008.pt
[2026-01-20 23:31:02,287][main][INFO] - samples 216000.0  training_loss 495.06  training_loss_running_mean 2274.61 learning_rate 0.00020000 total_sec 51723.5 sec_per_tick 32.4    sec_per_sample 2.02    cpu_mem_gb 2.34   peak_gpu_mem_gb 9.68   peak_gpu_mem_reserved_gb 10.20 
[2026-01-20 23:37:11,026][main][INFO] - samples 217008.0  training_loss 6276.45 training_loss_running_mean 1950.74 learning_rate 0.00020000 total_sec 52092.3 sec_per_tick 39.6    sec_per_sample 2.48    cpu_mem_gb 2.34   peak_gpu_mem_gb 9.68   peak_gpu_mem_reserved_gb 10.20 
[2026-01-20 23:43:08,586][main][INFO] - samples 218000.0  training_loss 1517.15 training_loss_running_mean 2221.37 learning_rate 0.00020000 total_sec 52449.8 sec_per_tick 31.4    sec_per_sample 1.96    cpu_mem_gb 2.34   peak_gpu_mem_gb 9.68   peak_gpu_mem_reserved_gb 10.20 
[2026-01-20 23:49:19,409][main][INFO] - samples 219008.0  training_loss 3652.92 training_loss_running_mean 1819.01 learning_rate 0.00020000 total_sec 52820.7 sec_per_tick 30.4    sec_per_sample 1.90    cpu_mem_gb 2.34   peak_gpu_mem_gb 9.68   peak_gpu_mem_reserved_gb 10.20 
[2026-01-20 23:55:15,746][main][INFO] - samples 220000.0  training_loss 3073.95 training_loss_running_mean 2574.95 learning_rate 0.00020000 total_sec 53177.0 sec_per_tick 29.9    sec_per_sample 1.87    cpu_mem_gb 2.34   peak_gpu_mem_gb 9.68   peak_gpu_mem_reserved_gb 10.20 
[2026-01-20 23:55:16,857][checkpoint][INFO] - Saved model state dictionary: /beegfs/muduchuru/codes/physicsnemo/examples/weather/corrdiff/checkpoints_regression/UNet.0.220000.mdlus
[2026-01-20 23:55:17,892][checkpoint][INFO] - Saved training checkpoint: /beegfs/muduchuru/codes/physicsnemo/examples/weather/corrdiff/checkpoints_regression/checkpoint.0.220000.pt
[2026-01-21 00:01:26,249][main][INFO] - samples 221008.0  training_loss 1311.17 training_loss_running_mean 2096.38 learning_rate 0.00020000 total_sec 53547.5 sec_per_tick 30.1    sec_per_sample 1.88    cpu_mem_gb 2.35   peak_gpu_mem_gb 9.68   peak_gpu_mem_reserved_gb 10.20 
[2026-01-21 00:07:34,142][main][INFO] - samples 222000.0  training_loss 2342.19 training_loss_running_mean 3773.33 learning_rate 0.00020000 total_sec 53915.4 sec_per_tick 38.2    sec_per_sample 2.39    cpu_mem_gb 2.35   peak_gpu_mem_gb 9.68   peak_gpu_mem_reserved_gb 10.20 
[2026-01-21 00:13:36,548][main][INFO] - samples 223008.0  training_loss 410.48  training_loss_running_mean 2889.33 learning_rate 0.00020000 total_sec 54277.8 sec_per_tick 35.3    sec_per_sample 2.21    cpu_mem_gb 2.35   peak_gpu_mem_gb 9.68   peak_gpu_mem_reserved_gb 10.20 
[2026-01-21 00:19:38,246][main][INFO] - samples 224000.0  training_loss 268.71  training_loss_running_mean 2710.08 learning_rate 0.00020000 total_sec 54639.5 sec_per_tick 30.8    sec_per_sample 1.92    cpu_mem_gb 2.35   peak_gpu_mem_gb 9.68   peak_gpu_mem_reserved_gb 10.20 
[2026-01-21 00:25:46,871][main][INFO] - samples 225008.0  training_loss 721.64  training_loss_running_mean 2348.24 learning_rate 0.00020000 total_sec 55008.1 sec_per_tick 37.0    sec_per_sample 2.31    cpu_mem_gb 2.35   peak_gpu_mem_gb 9.68   peak_gpu_mem_reserved_gb 10.20 
[2026-01-21 00:25:48,090][checkpoint][INFO] - Saved model state dictionary: /beegfs/muduchuru/codes/physicsnemo/examples/weather/corrdiff/checkpoints_regression/UNet.0.225008.mdlus
[2026-01-21 00:25:49,373][checkpoint][INFO] - Saved training checkpoint: /beegfs/muduchuru/codes/physicsnemo/examples/weather/corrdiff/checkpoints_regression/checkpoint.0.225008.pt
[2026-01-21 00:31:45,265][main][INFO] - samples 226000.0  training_loss 3270.81 training_loss_running_mean 1638.90 learning_rate 0.00020000 total_sec 55366.5 sec_per_tick 30.5    sec_per_sample 1.91    cpu_mem_gb 2.34   peak_gpu_mem_gb 9.68   peak_gpu_mem_reserved_gb 10.20 
[2026-01-21 00:37:56,566][main][INFO] - samples 227008.0  training_loss 404.37  training_loss_running_mean 2188.08 learning_rate 0.00020000 total_sec 55737.8 sec_per_tick 30.0    sec_per_sample 1.88    cpu_mem_gb 2.34   peak_gpu_mem_gb 9.68   peak_gpu_mem_reserved_gb 10.20 
[2026-01-21 00:43:53,165][main][INFO] - samples 228000.0  training_loss 1509.10 training_loss_running_mean 2228.86 learning_rate 0.00020000 total_sec 56094.4 sec_per_tick 30.8    sec_per_sample 1.92    cpu_mem_gb 2.34   peak_gpu_mem_gb 9.68   peak_gpu_mem_reserved_gb 10.20 
[2026-01-21 00:50:05,342][main][INFO] - samples 229008.0  training_loss 1922.13 training_loss_running_mean 2677.86 learning_rate 0.00020000 total_sec 56466.6 sec_per_tick 30.1    sec_per_sample 1.88    cpu_mem_gb 2.34   peak_gpu_mem_gb 9.68   peak_gpu_mem_reserved_gb 10.20 
[2026-01-21 00:56:11,560][main][INFO] - samples 230000.0  training_loss 2659.99 training_loss_running_mean 2181.76 learning_rate 0.00020000 total_sec 56832.8 sec_per_tick 42.1    sec_per_sample 2.63    cpu_mem_gb 2.34   peak_gpu_mem_gb 9.68   peak_gpu_mem_reserved_gb 10.20 
[2026-01-21 00:56:12,710][checkpoint][INFO] - Saved model state dictionary: /beegfs/muduchuru/codes/physicsnemo/examples/weather/corrdiff/checkpoints_regression/UNet.0.230000.mdlus
[2026-01-21 00:56:14,070][checkpoint][INFO] - Saved training checkpoint: /beegfs/muduchuru/codes/physicsnemo/examples/weather/corrdiff/checkpoints_regression/checkpoint.0.230000.pt
[2026-01-21 01:02:12,926][main][INFO] - samples 231008.0  training_loss 1231.86 training_loss_running_mean 1973.28 learning_rate 0.00020000 total_sec 57194.2 sec_per_tick 32.3    sec_per_sample 2.02    cpu_mem_gb 2.34   peak_gpu_mem_gb 9.68   peak_gpu_mem_reserved_gb 10.20 
[2026-01-21 01:08:15,343][main][INFO] - samples 232000.0  training_loss 611.44  training_loss_running_mean 1977.57 learning_rate 0.00020000 total_sec 57556.6 sec_per_tick 30.4    sec_per_sample 1.90    cpu_mem_gb 2.34   peak_gpu_mem_gb 9.68   peak_gpu_mem_reserved_gb 10.20 
[2026-01-21 01:14:26,138][main][INFO] - samples 233008.0  training_loss 7520.56 training_loss_running_mean 2711.45 learning_rate 0.00020000 total_sec 57927.4 sec_per_tick 41.8    sec_per_sample 2.61    cpu_mem_gb 2.34   peak_gpu_mem_gb 9.68   peak_gpu_mem_reserved_gb 10.20 
[2026-01-21 01:20:21,228][main][INFO] - samples 234000.0  training_loss 843.98  training_loss_running_mean 2617.17 learning_rate 0.00020000 total_sec 58282.5 sec_per_tick 31.5    sec_per_sample 1.97    cpu_mem_gb 2.34   peak_gpu_mem_gb 9.68   peak_gpu_mem_reserved_gb 10.20 
[2026-01-21 01:26:30,799][main][INFO] - samples 235008.0  training_loss 7910.69 training_loss_running_mean 2643.29 learning_rate 0.00020000 total_sec 58652.1 sec_per_tick 29.9    sec_per_sample 1.87    cpu_mem_gb 2.34   peak_gpu_mem_gb 9.68   peak_gpu_mem_reserved_gb 10.20 
[2026-01-21 01:26:32,052][checkpoint][INFO] - Saved model state dictionary: /beegfs/muduchuru/codes/physicsnemo/examples/weather/corrdiff/checkpoints_regression/UNet.0.235008.mdlus
[2026-01-21 01:26:33,041][checkpoint][INFO] - Saved training checkpoint: /beegfs/muduchuru/codes/physicsnemo/examples/weather/corrdiff/checkpoints_regression/checkpoint.0.235008.pt
[2026-01-21 01:32:28,234][main][INFO] - samples 236000.0  training_loss 133.63  training_loss_running_mean 2467.61 learning_rate 0.00020000 total_sec 59009.5 sec_per_tick 30.1    sec_per_sample 1.88    cpu_mem_gb 2.34   peak_gpu_mem_gb 9.68   peak_gpu_mem_reserved_gb 10.20 
[2026-01-21 01:38:39,615][main][INFO] - samples 237008.0  training_loss 286.92  training_loss_running_mean 2115.79 learning_rate 0.00020000 total_sec 59380.9 sec_per_tick 30.0    sec_per_sample 1.88    cpu_mem_gb 2.34   peak_gpu_mem_gb 9.68   peak_gpu_mem_reserved_gb 10.20 
[2026-01-21 01:44:47,435][main][INFO] - samples 238000.0  training_loss 836.29  training_loss_running_mean 2088.40 learning_rate 0.00020000 total_sec 59748.7 sec_per_tick 41.7    sec_per_sample 2.61    cpu_mem_gb 2.34   peak_gpu_mem_gb 9.68   peak_gpu_mem_reserved_gb 10.20 
[2026-01-21 01:50:46,732][main][INFO] - samples 239008.0  training_loss 823.22  training_loss_running_mean 1952.00 learning_rate 0.00020000 total_sec 60108.0 sec_per_tick 30.2    sec_per_sample 1.89    cpu_mem_gb 2.34   peak_gpu_mem_gb 9.68   peak_gpu_mem_reserved_gb 10.20 
[2026-01-21 01:56:52,280][main][INFO] - samples 240000.0  training_loss 1189.80 training_loss_running_mean 2327.38 learning_rate 0.00020000 total_sec 60473.5 sec_per_tick 29.4    sec_per_sample 1.84    cpu_mem_gb 2.34   peak_gpu_mem_gb 9.68   peak_gpu_mem_reserved_gb 10.20 
[2026-01-21 01:56:53,515][checkpoint][INFO] - Saved model state dictionary: /beegfs/muduchuru/codes/physicsnemo/examples/weather/corrdiff/checkpoints_regression/UNet.0.240000.mdlus
[2026-01-21 01:56:54,563][checkpoint][INFO] - Saved training checkpoint: /beegfs/muduchuru/codes/physicsnemo/examples/weather/corrdiff/checkpoints_regression/checkpoint.0.240000.pt
[2026-01-21 02:03:02,736][main][INFO] - samples 241008.0  training_loss 10266.13 training_loss_running_mean 2273.73 learning_rate 0.00020000 total_sec 60844.0 sec_per_tick 39.9    sec_per_sample 2.50    cpu_mem_gb 2.34   peak_gpu_mem_gb 9.68   peak_gpu_mem_reserved_gb 10.20 
[2026-01-21 02:08:58,943][main][INFO] - samples 242000.0  training_loss 1388.12 training_loss_running_mean 1745.68 learning_rate 0.00020000 total_sec 61200.2 sec_per_tick 30.1    sec_per_sample 1.88    cpu_mem_gb 2.35   peak_gpu_mem_gb 9.68   peak_gpu_mem_reserved_gb 10.20 
[2026-01-21 02:15:08,413][main][INFO] - samples 243008.0  training_loss 1210.47 training_loss_running_mean 2398.89 learning_rate 0.00020000 total_sec 61569.7 sec_per_tick 29.8    sec_per_sample 1.86    cpu_mem_gb 2.34   peak_gpu_mem_gb 9.68   peak_gpu_mem_reserved_gb 10.20 
[2026-01-21 02:21:06,639][main][INFO] - samples 244000.0  training_loss 1172.44 training_loss_running_mean 2240.10 learning_rate 0.00020000 total_sec 61927.9 sec_per_tick 29.9    sec_per_sample 1.87    cpu_mem_gb 2.35   peak_gpu_mem_gb 9.68   peak_gpu_mem_reserved_gb 10.20 
[2026-01-21 02:27:15,790][main][INFO] - samples 245008.0  training_loss 477.02  training_loss_running_mean 2262.35 learning_rate 0.00020000 total_sec 62297.1 sec_per_tick 29.3    sec_per_sample 1.83    cpu_mem_gb 2.34   peak_gpu_mem_gb 9.68   peak_gpu_mem_reserved_gb 10.20 
[2026-01-21 02:27:16,980][checkpoint][INFO] - Saved model state dictionary: /beegfs/muduchuru/codes/physicsnemo/examples/weather/corrdiff/checkpoints_regression/UNet.0.245008.mdlus
[2026-01-21 02:27:18,331][checkpoint][INFO] - Saved training checkpoint: /beegfs/muduchuru/codes/physicsnemo/examples/weather/corrdiff/checkpoints_regression/checkpoint.0.245008.pt
[2026-01-21 02:33:22,007][main][INFO] - samples 246000.0  training_loss 823.93  training_loss_running_mean 2250.69 learning_rate 0.00020000 total_sec 62663.3 sec_per_tick 41.4    sec_per_sample 2.59    cpu_mem_gb 2.34   peak_gpu_mem_gb 9.68   peak_gpu_mem_reserved_gb 10.20 
[2026-01-21 02:39:22,235][main][INFO] - samples 247008.0  training_loss 1034.50 training_loss_running_mean 2473.79 learning_rate 0.00020000 total_sec 63023.5 sec_per_tick 30.4    sec_per_sample 1.90    cpu_mem_gb 2.34   peak_gpu_mem_gb 9.68   peak_gpu_mem_reserved_gb 10.20 
[2026-01-21 02:45:26,951][main][INFO] - samples 248000.0  training_loss 150.88  training_loss_running_mean 3093.74 learning_rate 0.00020000 total_sec 63388.2 sec_per_tick 30.2    sec_per_sample 1.89    cpu_mem_gb 2.34   peak_gpu_mem_gb 9.68   peak_gpu_mem_reserved_gb 10.20 
[2026-01-21 02:51:35,668][main][INFO] - samples 249008.0  training_loss 1487.80 training_loss_running_mean 2067.32 learning_rate 0.00020000 total_sec 63756.9 sec_per_tick 39.6    sec_per_sample 2.47    cpu_mem_gb 2.34   peak_gpu_mem_gb 9.68   peak_gpu_mem_reserved_gb 10.20 
[2026-01-21 02:57:30,741][main][INFO] - samples 250000.0  training_loss 299.32  training_loss_running_mean 2023.04 learning_rate 0.00020000 total_sec 64112.0 sec_per_tick 29.7    sec_per_sample 1.85    cpu_mem_gb 2.34   peak_gpu_mem_gb 9.68   peak_gpu_mem_reserved_gb 10.20 
[2026-01-21 02:57:31,931][checkpoint][INFO] - Saved model state dictionary: /beegfs/muduchuru/codes/physicsnemo/examples/weather/corrdiff/checkpoints_regression/UNet.0.250000.mdlus
[2026-01-21 02:57:33,174][checkpoint][INFO] - Saved training checkpoint: /beegfs/muduchuru/codes/physicsnemo/examples/weather/corrdiff/checkpoints_regression/checkpoint.0.250000.pt
[2026-01-21 03:03:43,993][main][INFO] - samples 251008.0  training_loss 361.26  training_loss_running_mean 1982.25 learning_rate 0.00020000 total_sec 64485.3 sec_per_tick 31.6    sec_per_sample 1.97    cpu_mem_gb 2.34   peak_gpu_mem_gb 9.68   peak_gpu_mem_reserved_gb 10.20 
[2026-01-21 03:09:39,142][main][INFO] - samples 252000.0  training_loss 541.54  training_loss_running_mean 2784.63 learning_rate 0.00020000 total_sec 64840.4 sec_per_tick 30.0    sec_per_sample 1.88    cpu_mem_gb 2.34   peak_gpu_mem_gb 9.68   peak_gpu_mem_reserved_gb 10.20 
[2026-01-21 03:15:48,892][main][INFO] - samples 253008.0  training_loss 2061.02 training_loss_running_mean 1989.08 learning_rate 0.00020000 total_sec 65210.2 sec_per_tick 29.7    sec_per_sample 1.85    cpu_mem_gb 2.34   peak_gpu_mem_gb 9.68   peak_gpu_mem_reserved_gb 10.20 
[2026-01-21 03:21:56,995][main][INFO] - samples 254000.0  training_loss 2634.92 training_loss_running_mean 2007.43 learning_rate 0.00020000 total_sec 65578.3 sec_per_tick 40.2    sec_per_sample 2.51    cpu_mem_gb 2.34   peak_gpu_mem_gb 9.68   peak_gpu_mem_reserved_gb 10.20 
[2026-01-21 03:27:57,184][main][INFO] - samples 255008.0  training_loss 4378.87 training_loss_running_mean 1997.92 learning_rate 0.00020000 total_sec 65938.4 sec_per_tick 32.0    sec_per_sample 2.00    cpu_mem_gb 2.34   peak_gpu_mem_gb 9.68   peak_gpu_mem_reserved_gb 10.20 
[2026-01-21 03:27:58,280][checkpoint][INFO] - Saved model state dictionary: /beegfs/muduchuru/codes/physicsnemo/examples/weather/corrdiff/checkpoints_regression/UNet.0.255008.mdlus
[2026-01-21 03:27:59,680][checkpoint][INFO] - Saved training checkpoint: /beegfs/muduchuru/codes/physicsnemo/examples/weather/corrdiff/checkpoints_regression/checkpoint.0.255008.pt
[2026-01-21 03:34:04,302][main][INFO] - samples 256000.0  training_loss 2734.90 training_loss_running_mean 1758.25 learning_rate 0.00020000 total_sec 66305.6 sec_per_tick 29.9    sec_per_sample 1.87    cpu_mem_gb 2.34   peak_gpu_mem_gb 9.68   peak_gpu_mem_reserved_gb 10.20 
[2026-01-21 03:40:16,433][main][INFO] - samples 257008.0  training_loss 1732.12 training_loss_running_mean 3369.62 learning_rate 0.00020000 total_sec 66677.7 sec_per_tick 42.7    sec_per_sample 2.67    cpu_mem_gb 2.34   peak_gpu_mem_gb 9.68   peak_gpu_mem_reserved_gb 10.20 
[2026-01-21 03:46:13,493][main][INFO] - samples 258000.0  training_loss 963.31  training_loss_running_mean 2408.08 learning_rate 0.00020000 total_sec 67034.8 sec_per_tick 30.9    sec_per_sample 1.93    cpu_mem_gb 2.34   peak_gpu_mem_gb 9.68   peak_gpu_mem_reserved_gb 10.20 
[2026-01-21 03:52:22,889][main][INFO] - samples 259008.0  training_loss 713.39  training_loss_running_mean 2247.44 learning_rate 0.00020000 total_sec 67404.2 sec_per_tick 29.7    sec_per_sample 1.85    cpu_mem_gb 2.34   peak_gpu_mem_gb 9.68   peak_gpu_mem_reserved_gb 10.20 
[2026-01-21 03:58:18,752][main][INFO] - samples 260000.0  training_loss 156.51  training_loss_running_mean 2051.37 learning_rate 0.00020000 total_sec 67760.0 sec_per_tick 30.4    sec_per_sample 1.90    cpu_mem_gb 2.34   peak_gpu_mem_gb 9.68   peak_gpu_mem_reserved_gb 10.20 
[2026-01-21 03:58:20,017][checkpoint][INFO] - Saved model state dictionary: /beegfs/muduchuru/codes/physicsnemo/examples/weather/corrdiff/checkpoints_regression/UNet.0.260000.mdlus
[2026-01-21 03:58:21,539][checkpoint][INFO] - Saved training checkpoint: /beegfs/muduchuru/codes/physicsnemo/examples/weather/corrdiff/checkpoints_regression/checkpoint.0.260000.pt
[2026-01-21 04:04:30,408][main][INFO] - samples 261008.0  training_loss 757.79  training_loss_running_mean 2431.17 learning_rate 0.00020000 total_sec 68131.7 sec_per_tick 29.2    sec_per_sample 1.83    cpu_mem_gb 2.35   peak_gpu_mem_gb 9.68   peak_gpu_mem_reserved_gb 10.20 
[2026-01-21 04:10:38,453][main][INFO] - samples 262000.0  training_loss 6969.29 training_loss_running_mean 2905.48 learning_rate 0.00020000 total_sec 68499.7 sec_per_tick 41.3    sec_per_sample 2.58    cpu_mem_gb 2.35   peak_gpu_mem_gb 9.68   peak_gpu_mem_reserved_gb 10.20 
[2026-01-21 04:16:36,050][main][INFO] - samples 263008.0  training_loss 4595.62 training_loss_running_mean 1930.09 learning_rate 0.00020000 total_sec 68857.3 sec_per_tick 30.1    sec_per_sample 1.88    cpu_mem_gb 2.35   peak_gpu_mem_gb 9.68   peak_gpu_mem_reserved_gb 10.20 
[2026-01-21 04:22:43,282][main][INFO] - samples 264000.0  training_loss 242.55  training_loss_running_mean 2431.55 learning_rate 0.00020000 total_sec 69224.5 sec_per_tick 30.9    sec_per_sample 1.93    cpu_mem_gb 2.35   peak_gpu_mem_gb 9.68   peak_gpu_mem_reserved_gb 10.20 
[2026-01-21 04:28:51,314][main][INFO] - samples 265008.0  training_loss 352.04  training_loss_running_mean 1886.97 learning_rate 0.00020000 total_sec 69592.6 sec_per_tick 40.0    sec_per_sample 2.50    cpu_mem_gb 2.35   peak_gpu_mem_gb 9.68   peak_gpu_mem_reserved_gb 10.20 
[2026-01-21 04:28:52,495][checkpoint][INFO] - Saved model state dictionary: /beegfs/muduchuru/codes/physicsnemo/examples/weather/corrdiff/checkpoints_regression/UNet.0.265008.mdlus
[2026-01-21 04:28:53,741][checkpoint][INFO] - Saved training checkpoint: /beegfs/muduchuru/codes/physicsnemo/examples/weather/corrdiff/checkpoints_regression/checkpoint.0.265008.pt
[2026-01-21 04:34:47,891][main][INFO] - samples 266000.0  training_loss 1196.90 training_loss_running_mean 2116.22 learning_rate 0.00020000 total_sec 69949.2 sec_per_tick 31.7    sec_per_sample 1.98    cpu_mem_gb 2.35   peak_gpu_mem_gb 9.68   peak_gpu_mem_reserved_gb 10.20 
[2026-01-21 04:40:53,360][main][INFO] - samples 267008.0  training_loss 686.04  training_loss_running_mean 1959.33 learning_rate 0.00020000 total_sec 70314.6 sec_per_tick 31.9    sec_per_sample 1.99    cpu_mem_gb 2.35   peak_gpu_mem_gb 9.68   peak_gpu_mem_reserved_gb 10.20 
[2026-01-21 04:46:48,060][main][INFO] - samples 268000.0  training_loss 130.00  training_loss_running_mean 1930.40 learning_rate 0.00020000 total_sec 70669.3 sec_per_tick 30.4    sec_per_sample 1.90    cpu_mem_gb 2.35   peak_gpu_mem_gb 9.68   peak_gpu_mem_reserved_gb 10.20 
[2026-01-21 04:52:53,941][main][INFO] - samples 269008.0  training_loss 4162.59 training_loss_running_mean 2994.77 learning_rate 0.00020000 total_sec 71035.2 sec_per_tick 29.7    sec_per_sample 1.86    cpu_mem_gb 2.35   peak_gpu_mem_gb 9.68   peak_gpu_mem_reserved_gb 10.20 
[2026-01-21 04:58:58,276][main][INFO] - samples 270000.0  training_loss 2710.17 training_loss_running_mean 2351.07 learning_rate 0.00020000 total_sec 71399.5 sec_per_tick 40.6    sec_per_sample 2.54    cpu_mem_gb 2.35   peak_gpu_mem_gb 9.68   peak_gpu_mem_reserved_gb 10.20 
[2026-01-21 04:58:59,539][checkpoint][INFO] - Saved model state dictionary: /beegfs/muduchuru/codes/physicsnemo/examples/weather/corrdiff/checkpoints_regression/UNet.0.270000.mdlus
[2026-01-21 04:59:00,818][checkpoint][INFO] - Saved training checkpoint: /beegfs/muduchuru/codes/physicsnemo/examples/weather/corrdiff/checkpoints_regression/checkpoint.0.270000.pt
[2026-01-21 05:04:57,467][main][INFO] - samples 271008.0  training_loss 2612.97 training_loss_running_mean 2072.94 learning_rate 0.00020000 total_sec 71758.7 sec_per_tick 31.1    sec_per_sample 1.94    cpu_mem_gb 2.35   peak_gpu_mem_gb 9.68   peak_gpu_mem_reserved_gb 10.20 
[2026-01-21 05:11:03,914][main][INFO] - samples 272000.0  training_loss 1407.31 training_loss_running_mean 1829.76 learning_rate 0.00020000 total_sec 72125.2 sec_per_tick 29.4    sec_per_sample 1.84    cpu_mem_gb 2.35   peak_gpu_mem_gb 9.68   peak_gpu_mem_reserved_gb 10.20 
[2026-01-21 05:17:10,620][main][INFO] - samples 273008.0  training_loss 835.96  training_loss_running_mean 1391.73 learning_rate 0.00020000 total_sec 72491.9 sec_per_tick 37.3    sec_per_sample 2.33    cpu_mem_gb 2.35   peak_gpu_mem_gb 9.68   peak_gpu_mem_reserved_gb 10.20 
[2026-01-21 05:23:10,156][main][INFO] - samples 274000.0  training_loss 210.80  training_loss_running_mean 1941.53 learning_rate 0.00020000 total_sec 72851.4 sec_per_tick 36.1    sec_per_sample 2.25    cpu_mem_gb 2.35   peak_gpu_mem_gb 9.68   peak_gpu_mem_reserved_gb 10.20 
[2026-01-21 05:29:13,390][main][INFO] - samples 275008.0  training_loss 520.11  training_loss_running_mean 2244.39 learning_rate 0.00020000 total_sec 73214.7 sec_per_tick 33.2    sec_per_sample 2.08    cpu_mem_gb 2.35   peak_gpu_mem_gb 9.68   peak_gpu_mem_reserved_gb 10.20 
[2026-01-21 05:29:14,688][checkpoint][INFO] - Saved model state dictionary: /beegfs/muduchuru/codes/physicsnemo/examples/weather/corrdiff/checkpoints_regression/UNet.0.275008.mdlus
[2026-01-21 05:29:15,780][checkpoint][INFO] - Saved training checkpoint: /beegfs/muduchuru/codes/physicsnemo/examples/weather/corrdiff/checkpoints_regression/checkpoint.0.275008.pt
[2026-01-21 05:35:15,440][main][INFO] - samples 276000.0  training_loss 4429.06 training_loss_running_mean 2420.28 learning_rate 0.00020000 total_sec 73576.7 sec_per_tick 34.7    sec_per_sample 2.17    cpu_mem_gb 2.36   peak_gpu_mem_gb 9.68   peak_gpu_mem_reserved_gb 10.20 
[2026-01-21 05:41:19,651][main][INFO] - samples 277008.0  training_loss 13569.81 training_loss_running_mean 2150.40 learning_rate 0.00020000 total_sec 73940.9 sec_per_tick 34.6    sec_per_sample 2.16    cpu_mem_gb 2.36   peak_gpu_mem_gb 9.68   peak_gpu_mem_reserved_gb 10.20 
[2026-01-21 05:47:17,785][main][INFO] - samples 278000.0  training_loss 707.57  training_loss_running_mean 2310.23 learning_rate 0.00020000 total_sec 74299.0 sec_per_tick 30.6    sec_per_sample 1.91    cpu_mem_gb 2.35   peak_gpu_mem_gb 9.68   peak_gpu_mem_reserved_gb 10.20 
[2026-01-21 05:53:25,168][main][INFO] - samples 279008.0  training_loss 4989.58 training_loss_running_mean 2652.81 learning_rate 0.00020000 total_sec 74666.4 sec_per_tick 32.8    sec_per_sample 2.05    cpu_mem_gb 2.35   peak_gpu_mem_gb 9.68   peak_gpu_mem_reserved_gb 10.20 
[2026-01-21 05:59:22,590][main][INFO] - samples 280000.0  training_loss 1000.27 training_loss_running_mean 2073.44 learning_rate 0.00020000 total_sec 75023.9 sec_per_tick 30.5    sec_per_sample 1.91    cpu_mem_gb 2.35   peak_gpu_mem_gb 9.68   peak_gpu_mem_reserved_gb 10.20 
[2026-01-21 05:59:23,764][checkpoint][INFO] - Saved model state dictionary: /beegfs/muduchuru/codes/physicsnemo/examples/weather/corrdiff/checkpoints_regression/UNet.0.280000.mdlus
[2026-01-21 05:59:25,189][checkpoint][INFO] - Saved training checkpoint: /beegfs/muduchuru/codes/physicsnemo/examples/weather/corrdiff/checkpoints_regression/checkpoint.0.280000.pt
[2026-01-21 06:05:31,768][main][INFO] - samples 281008.0  training_loss 400.34  training_loss_running_mean 2669.25 learning_rate 0.00020000 total_sec 75393.0 sec_per_tick 33.1    sec_per_sample 2.07    cpu_mem_gb 2.35   peak_gpu_mem_gb 9.68   peak_gpu_mem_reserved_gb 10.20 
[2026-01-21 06:11:29,881][main][INFO] - samples 282000.0  training_loss 1257.05 training_loss_running_mean 1548.22 learning_rate 0.00020000 total_sec 75751.1 sec_per_tick 29.8    sec_per_sample 1.87    cpu_mem_gb 2.35   peak_gpu_mem_gb 9.68   peak_gpu_mem_reserved_gb 10.20 
[2026-01-21 06:17:37,278][main][INFO] - samples 283008.0  training_loss 450.24  training_loss_running_mean 1713.35 learning_rate 0.00020000 total_sec 76118.5 sec_per_tick 33.6    sec_per_sample 2.10    cpu_mem_gb 2.35   peak_gpu_mem_gb 9.68   peak_gpu_mem_reserved_gb 10.20 
[2026-01-21 06:23:34,110][main][INFO] - samples 284000.0  training_loss 2129.47 training_loss_running_mean 2378.31 learning_rate 0.00020000 total_sec 76475.4 sec_per_tick 31.5    sec_per_sample 1.97    cpu_mem_gb 2.35   peak_gpu_mem_gb 9.68   peak_gpu_mem_reserved_gb 10.20 
[2026-01-21 06:29:37,885][main][INFO] - samples 285008.0  training_loss 1053.01 training_loss_running_mean 2051.93 learning_rate 0.00020000 total_sec 76839.1 sec_per_tick 30.0    sec_per_sample 1.88    cpu_mem_gb 2.34   peak_gpu_mem_gb 9.68   peak_gpu_mem_reserved_gb 10.20 
[2026-01-21 06:29:39,037][checkpoint][INFO] - Saved model state dictionary: /beegfs/muduchuru/codes/physicsnemo/examples/weather/corrdiff/checkpoints_regression/UNet.0.285008.mdlus
[2026-01-21 06:29:40,093][checkpoint][INFO] - Saved training checkpoint: /beegfs/muduchuru/codes/physicsnemo/examples/weather/corrdiff/checkpoints_regression/checkpoint.0.285008.pt
[2026-01-21 06:35:44,132][main][INFO] - samples 286000.0  training_loss 2689.16 training_loss_running_mean 1730.29 learning_rate 0.00020000 total_sec 77205.4 sec_per_tick 38.7    sec_per_sample 2.42    cpu_mem_gb 2.35   peak_gpu_mem_gb 9.68   peak_gpu_mem_reserved_gb 10.20 
[2026-01-21 06:41:42,081][main][INFO] - samples 287008.0  training_loss 2066.73 training_loss_running_mean 2542.31 learning_rate 0.00020000 total_sec 77563.3 sec_per_tick 30.2    sec_per_sample 1.89    cpu_mem_gb 2.35   peak_gpu_mem_gb 9.68   peak_gpu_mem_reserved_gb 10.20 
[2026-01-21 06:47:45,387][main][INFO] - samples 288000.0  training_loss 681.46  training_loss_running_mean 2425.94 learning_rate 0.00020000 total_sec 77926.6 sec_per_tick 29.5    sec_per_sample 1.85    cpu_mem_gb 2.34   peak_gpu_mem_gb 9.68   peak_gpu_mem_reserved_gb 10.20 
[2026-01-21 06:53:54,355][main][INFO] - samples 289008.0  training_loss 2890.87 training_loss_running_mean 1999.91 learning_rate 0.00020000 total_sec 78295.6 sec_per_tick 38.6    sec_per_sample 2.41    cpu_mem_gb 2.34   peak_gpu_mem_gb 9.68   peak_gpu_mem_reserved_gb 10.20 
[2026-01-21 06:59:49,505][main][INFO] - samples 290000.0  training_loss 8981.80 training_loss_running_mean 1937.24 learning_rate 0.00020000 total_sec 78650.8 sec_per_tick 31.6    sec_per_sample 1.98    cpu_mem_gb 2.34   peak_gpu_mem_gb 9.68   peak_gpu_mem_reserved_gb 10.20 
[2026-01-21 06:59:50,662][checkpoint][INFO] - Saved model state dictionary: /beegfs/muduchuru/codes/physicsnemo/examples/weather/corrdiff/checkpoints_regression/UNet.0.290000.mdlus
[2026-01-21 06:59:51,800][checkpoint][INFO] - Saved training checkpoint: /beegfs/muduchuru/codes/physicsnemo/examples/weather/corrdiff/checkpoints_regression/checkpoint.0.290000.pt
[2026-01-21 07:05:56,894][main][INFO] - samples 291008.0  training_loss 1644.45 training_loss_running_mean 2274.71 learning_rate 0.00020000 total_sec 79018.2 sec_per_tick 30.0    sec_per_sample 1.88    cpu_mem_gb 2.35   peak_gpu_mem_gb 9.68   peak_gpu_mem_reserved_gb 10.20 
[2026-01-21 07:11:54,336][main][INFO] - samples 292000.0  training_loss 961.32  training_loss_running_mean 1704.85 learning_rate 0.00020000 total_sec 79375.6 sec_per_tick 32.3    sec_per_sample 2.02    cpu_mem_gb 2.35   peak_gpu_mem_gb 9.68   peak_gpu_mem_reserved_gb 10.20 
[2026-01-21 07:17:57,698][main][INFO] - samples 293008.0  training_loss 3606.05 training_loss_running_mean 2081.66 learning_rate 0.00020000 total_sec 79739.0 sec_per_tick 30.1    sec_per_sample 1.88    cpu_mem_gb 2.35   peak_gpu_mem_gb 9.68   peak_gpu_mem_reserved_gb 10.20 
[2026-01-21 07:24:02,596][main][INFO] - samples 294000.0  training_loss 2310.95 training_loss_running_mean 2483.93 learning_rate 0.00020000 total_sec 80103.9 sec_per_tick 37.5    sec_per_sample 2.34    cpu_mem_gb 2.35   peak_gpu_mem_gb 9.68   peak_gpu_mem_reserved_gb 10.20 
[2026-01-21 07:30:00,447][main][INFO] - samples 295008.0  training_loss 1733.26 training_loss_running_mean 2947.99 learning_rate 0.00020000 total_sec 80461.7 sec_per_tick 30.4    sec_per_sample 1.90    cpu_mem_gb 2.35   peak_gpu_mem_gb 9.68   peak_gpu_mem_reserved_gb 10.20 
[2026-01-21 07:30:01,594][checkpoint][INFO] - Saved model state dictionary: /beegfs/muduchuru/codes/physicsnemo/examples/weather/corrdiff/checkpoints_regression/UNet.0.295008.mdlus
[2026-01-21 07:30:02,650][checkpoint][INFO] - Saved training checkpoint: /beegfs/muduchuru/codes/physicsnemo/examples/weather/corrdiff/checkpoints_regression/checkpoint.0.295008.pt
[2026-01-21 07:36:03,389][main][INFO] - samples 296000.0  training_loss 2200.41 training_loss_running_mean 2397.40 learning_rate 0.00020000 total_sec 80824.7 sec_per_tick 29.3    sec_per_sample 1.83    cpu_mem_gb 2.35   peak_gpu_mem_gb 9.68   peak_gpu_mem_reserved_gb 10.20 
[2026-01-21 07:42:14,755][main][INFO] - samples 297008.0  training_loss 315.16  training_loss_running_mean 1994.07 learning_rate 0.00020000 total_sec 81196.0 sec_per_tick 39.0    sec_per_sample 2.44    cpu_mem_gb 2.35   peak_gpu_mem_gb 9.68   peak_gpu_mem_reserved_gb 10.20 
[2026-01-21 07:48:09,261][main][INFO] - samples 298000.0  training_loss 2107.50 training_loss_running_mean 2608.35 learning_rate 0.00020000 total_sec 81550.5 sec_per_tick 30.1    sec_per_sample 1.88    cpu_mem_gb 2.35   peak_gpu_mem_gb 9.68   peak_gpu_mem_reserved_gb 10.20 
[2026-01-21 07:54:17,967][main][INFO] - samples 299008.0  training_loss 724.89  training_loss_running_mean 1863.78 learning_rate 0.00020000 total_sec 81919.2 sec_per_tick 29.8    sec_per_sample 1.86    cpu_mem_gb 2.34   peak_gpu_mem_gb 9.68   peak_gpu_mem_reserved_gb 10.20 
[2026-01-21 08:00:12,344][main][INFO] - samples 300000.0  training_loss 2125.81 training_loss_running_mean 3139.38 learning_rate 0.00020000 total_sec 82273.6 sec_per_tick 29.7    sec_per_sample 1.86    cpu_mem_gb 2.34   peak_gpu_mem_gb 9.68   peak_gpu_mem_reserved_gb 10.20 
[2026-01-21 08:00:13,557][checkpoint][INFO] - Saved model state dictionary: /beegfs/muduchuru/codes/physicsnemo/examples/weather/corrdiff/checkpoints_regression/UNet.0.300000.mdlus
[2026-01-21 08:00:14,638][checkpoint][INFO] - Saved training checkpoint: /beegfs/muduchuru/codes/physicsnemo/examples/weather/corrdiff/checkpoints_regression/checkpoint.0.300000.pt
[2026-01-21 08:06:22,035][main][INFO] - samples 301008.0  training_loss 797.26  training_loss_running_mean 2912.90 learning_rate 0.00020000 total_sec 82643.3 sec_per_tick 29.8    sec_per_sample 1.86    cpu_mem_gb 2.35   peak_gpu_mem_gb 9.68   peak_gpu_mem_reserved_gb 10.20 
[2026-01-21 08:12:27,702][main][INFO] - samples 302000.0  training_loss 5458.94 training_loss_running_mean 2089.57 learning_rate 0.00020000 total_sec 83009.0 sec_per_tick 41.8    sec_per_sample 2.61    cpu_mem_gb 2.35   peak_gpu_mem_gb 9.68   peak_gpu_mem_reserved_gb 10.20 
[2026-01-21 08:18:25,069][main][INFO] - samples 303008.0  training_loss 981.24  training_loss_running_mean 2167.95 learning_rate 0.00020000 total_sec 83366.3 sec_per_tick 30.1    sec_per_sample 1.88    cpu_mem_gb 2.35   peak_gpu_mem_gb 9.68   peak_gpu_mem_reserved_gb 10.20 
[2026-01-21 08:24:28,532][main][INFO] - samples 304000.0  training_loss 8915.71 training_loss_running_mean 2446.04 learning_rate 0.00020000 total_sec 83729.8 sec_per_tick 29.5    sec_per_sample 1.84    cpu_mem_gb 2.35   peak_gpu_mem_gb 9.68   peak_gpu_mem_reserved_gb 10.20 
[2026-01-21 08:30:36,031][main][INFO] - samples 305008.0  training_loss 345.83  training_loss_running_mean 2182.37 learning_rate 0.00020000 total_sec 84097.3 sec_per_tick 40.3    sec_per_sample 2.52    cpu_mem_gb 2.35   peak_gpu_mem_gb 9.68   peak_gpu_mem_reserved_gb 10.20 
[2026-01-21 08:30:37,166][checkpoint][INFO] - Saved model state dictionary: /beegfs/muduchuru/codes/physicsnemo/examples/weather/corrdiff/checkpoints_regression/UNet.0.305008.mdlus
[2026-01-21 08:30:38,447][checkpoint][INFO] - Saved training checkpoint: /beegfs/muduchuru/codes/physicsnemo/examples/weather/corrdiff/checkpoints_regression/checkpoint.0.305008.pt
[2026-01-21 08:36:35,106][main][INFO] - samples 306000.0  training_loss 151.34  training_loss_running_mean 1943.25 learning_rate 0.00020000 total_sec 84456.4 sec_per_tick 34.7    sec_per_sample 2.17    cpu_mem_gb 2.35   peak_gpu_mem_gb 9.68   peak_gpu_mem_reserved_gb 10.20 
[2026-01-21 08:42:38,511][main][INFO] - samples 307008.0  training_loss 292.91  training_loss_running_mean 2208.71 learning_rate 0.00020000 total_sec 84819.8 sec_per_tick 29.8    sec_per_sample 1.87    cpu_mem_gb 2.35   peak_gpu_mem_gb 9.68   peak_gpu_mem_reserved_gb 10.20 
[2026-01-21 08:48:39,946][main][INFO] - samples 308000.0  training_loss 1668.61 training_loss_running_mean 2668.94 learning_rate 0.00020000 total_sec 85181.2 sec_per_tick 29.8    sec_per_sample 1.86    cpu_mem_gb 2.35   peak_gpu_mem_gb 9.68   peak_gpu_mem_reserved_gb 10.20 
[2026-01-21 08:54:43,032][main][INFO] - samples 309008.0  training_loss 10687.39 training_loss_running_mean 2323.41 learning_rate 0.00020000 total_sec 85544.3 sec_per_tick 30.9    sec_per_sample 1.93    cpu_mem_gb 2.35   peak_gpu_mem_gb 9.68   peak_gpu_mem_reserved_gb 10.20 
[2026-01-21 09:00:47,736][main][INFO] - samples 310000.0  training_loss 1638.73 training_loss_running_mean 2242.14 learning_rate 0.00020000 total_sec 85909.0 sec_per_tick 37.1    sec_per_sample 2.32    cpu_mem_gb 2.35   peak_gpu_mem_gb 9.68   peak_gpu_mem_reserved_gb 10.20 
[2026-01-21 09:00:48,835][checkpoint][INFO] - Saved model state dictionary: /beegfs/muduchuru/codes/physicsnemo/examples/weather/corrdiff/checkpoints_regression/UNet.0.310000.mdlus
[2026-01-21 09:00:50,079][checkpoint][INFO] - Saved training checkpoint: /beegfs/muduchuru/codes/physicsnemo/examples/weather/corrdiff/checkpoints_regression/checkpoint.0.310000.pt
[2026-01-21 09:06:48,974][main][INFO] - samples 311008.0  training_loss 651.52  training_loss_running_mean 2438.01 learning_rate 0.00020000 total_sec 86270.2 sec_per_tick 31.1    sec_per_sample 1.94    cpu_mem_gb 2.35   peak_gpu_mem_gb 9.68   peak_gpu_mem_reserved_gb 10.20 
[2026-01-21 09:12:51,161][main][INFO] - samples 312000.0  training_loss 1186.20 training_loss_running_mean 1766.84 learning_rate 0.00020000 total_sec 86632.4 sec_per_tick 30.2    sec_per_sample 1.89    cpu_mem_gb 2.35   peak_gpu_mem_gb 9.68   peak_gpu_mem_reserved_gb 10.20 
[2026-01-21 09:19:00,392][main][INFO] - samples 313008.0  training_loss 1492.80 training_loss_running_mean 2009.25 learning_rate 0.00020000 total_sec 87001.7 sec_per_tick 38.9    sec_per_sample 2.43    cpu_mem_gb 2.35   peak_gpu_mem_gb 9.68   peak_gpu_mem_reserved_gb 10.20 
[2026-01-21 09:24:55,390][main][INFO] - samples 314000.0  training_loss 1037.26 training_loss_running_mean 2255.09 learning_rate 0.00020000 total_sec 87356.7 sec_per_tick 30.1    sec_per_sample 1.88    cpu_mem_gb 2.35   peak_gpu_mem_gb 9.68   peak_gpu_mem_reserved_gb 10.20 
[2026-01-21 09:31:04,996][main][INFO] - samples 315008.0  training_loss 773.69  training_loss_running_mean 2338.77 learning_rate 0.00020000 total_sec 87726.3 sec_per_tick 34.8    sec_per_sample 2.18    cpu_mem_gb 2.35   peak_gpu_mem_gb 9.68   peak_gpu_mem_reserved_gb 10.20 
[2026-01-21 09:31:06,244][checkpoint][INFO] - Saved model state dictionary: /beegfs/muduchuru/codes/physicsnemo/examples/weather/corrdiff/checkpoints_regression/UNet.0.315008.mdlus
[2026-01-21 09:31:07,304][checkpoint][INFO] - Saved training checkpoint: /beegfs/muduchuru/codes/physicsnemo/examples/weather/corrdiff/checkpoints_regression/checkpoint.0.315008.pt
[2026-01-21 09:37:01,719][main][INFO] - samples 316000.0  training_loss 957.63  training_loss_running_mean 2571.56 learning_rate 0.00020000 total_sec 88083.0 sec_per_tick 34.0    sec_per_sample 2.13    cpu_mem_gb 2.36   peak_gpu_mem_gb 9.68   peak_gpu_mem_reserved_gb 10.20 
[2026-01-21 09:43:05,258][main][INFO] - samples 317008.0  training_loss 289.98  training_loss_running_mean 2116.88 learning_rate 0.00020000 total_sec 88446.5 sec_per_tick 29.8    sec_per_sample 1.86    cpu_mem_gb 2.36   peak_gpu_mem_gb 9.68   peak_gpu_mem_reserved_gb 10.20 
[2026-01-21 09:49:11,134][main][INFO] - samples 318000.0  training_loss 8350.01 training_loss_running_mean 3767.57 learning_rate 0.00020000 total_sec 88812.4 sec_per_tick 39.4    sec_per_sample 2.46    cpu_mem_gb 2.36   peak_gpu_mem_gb 9.68   peak_gpu_mem_reserved_gb 10.20 
[2026-01-21 09:55:10,814][main][INFO] - samples 319008.0  training_loss 1970.37 training_loss_running_mean 2794.63 learning_rate 0.00020000 total_sec 89172.1 sec_per_tick 29.7    sec_per_sample 1.86    cpu_mem_gb 2.36   peak_gpu_mem_gb 9.68   peak_gpu_mem_reserved_gb 10.20 
[2026-01-21 10:01:16,374][main][INFO] - samples 320000.0  training_loss 274.55  training_loss_running_mean 1845.97 learning_rate 0.00020000 total_sec 89537.6 sec_per_tick 29.7    sec_per_sample 1.85    cpu_mem_gb 2.35   peak_gpu_mem_gb 9.68   peak_gpu_mem_reserved_gb 10.20 
[2026-01-21 10:01:17,489][checkpoint][INFO] - Saved model state dictionary: /beegfs/muduchuru/codes/physicsnemo/examples/weather/corrdiff/checkpoints_regression/UNet.0.320000.mdlus
[2026-01-21 10:01:18,772][checkpoint][INFO] - Saved training checkpoint: /beegfs/muduchuru/codes/physicsnemo/examples/weather/corrdiff/checkpoints_regression/checkpoint.0.320000.pt
[2026-01-21 10:07:23,910][main][INFO] - samples 321008.0  training_loss 1290.60 training_loss_running_mean 2529.77 learning_rate 0.00020000 total_sec 89905.2 sec_per_tick 39.5    sec_per_sample 2.47    cpu_mem_gb 2.36   peak_gpu_mem_gb 9.68   peak_gpu_mem_reserved_gb 10.20 
[2026-01-21 10:13:18,142][main][INFO] - samples 322000.0  training_loss 4392.45 training_loss_running_mean 2214.21 learning_rate 0.00020000 total_sec 90259.4 sec_per_tick 29.4    sec_per_sample 1.84    cpu_mem_gb 2.36   peak_gpu_mem_gb 9.68   peak_gpu_mem_reserved_gb 10.20 
[2026-01-21 10:19:25,885][main][INFO] - samples 323008.0  training_loss 1343.89 training_loss_running_mean 1913.02 learning_rate 0.00020000 total_sec 90627.1 sec_per_tick 30.7    sec_per_sample 1.92    cpu_mem_gb 2.36   peak_gpu_mem_gb 9.68   peak_gpu_mem_reserved_gb 10.20 
[2026-01-21 10:25:21,278][main][INFO] - samples 324000.0  training_loss 5224.58 training_loss_running_mean 2216.92 learning_rate 0.00020000 total_sec 90982.5 sec_per_tick 30.8    sec_per_sample 1.93    cpu_mem_gb 2.36   peak_gpu_mem_gb 9.68   peak_gpu_mem_reserved_gb 10.20 
[2026-01-21 10:31:27,625][main][INFO] - samples 325008.0  training_loss 1456.72 training_loss_running_mean 2066.33 learning_rate 0.00020000 total_sec 91348.9 sec_per_tick 29.9    sec_per_sample 1.87    cpu_mem_gb 2.36   peak_gpu_mem_gb 9.68   peak_gpu_mem_reserved_gb 10.20 
[2026-01-21 10:31:28,774][checkpoint][INFO] - Saved model state dictionary: /beegfs/muduchuru/codes/physicsnemo/examples/weather/corrdiff/checkpoints_regression/UNet.0.325008.mdlus
[2026-01-21 10:31:29,914][checkpoint][INFO] - Saved training checkpoint: /beegfs/muduchuru/codes/physicsnemo/examples/weather/corrdiff/checkpoints_regression/checkpoint.0.325008.pt
[2026-01-21 10:37:34,034][main][INFO] - samples 326000.0  training_loss 734.52  training_loss_running_mean 1888.16 learning_rate 0.00020000 total_sec 91715.3 sec_per_tick 42.1    sec_per_sample 2.63    cpu_mem_gb 2.35   peak_gpu_mem_gb 9.68   peak_gpu_mem_reserved_gb 10.20 
[2026-01-21 10:43:31,181][main][INFO] - samples 327008.0  training_loss 1316.26 training_loss_running_mean 3129.66 learning_rate 0.00020000 total_sec 92072.4 sec_per_tick 29.5    sec_per_sample 1.84    cpu_mem_gb 2.35   peak_gpu_mem_gb 9.68   peak_gpu_mem_reserved_gb 10.20 
[2026-01-21 10:49:36,337][main][INFO] - samples 328000.0  training_loss 1713.63 training_loss_running_mean 2857.27 learning_rate 0.00020000 total_sec 92437.6 sec_per_tick 31.5    sec_per_sample 1.97    cpu_mem_gb 2.35   peak_gpu_mem_gb 9.68   peak_gpu_mem_reserved_gb 10.20 
[2026-01-21 10:55:45,183][main][INFO] - samples 329008.0  training_loss 590.97  training_loss_running_mean 2874.19 learning_rate 0.00020000 total_sec 92806.4 sec_per_tick 42.2    sec_per_sample 2.64    cpu_mem_gb 2.35   peak_gpu_mem_gb 9.68   peak_gpu_mem_reserved_gb 10.20 
[2026-01-21 11:01:40,426][main][INFO] - samples 330000.0  training_loss 1975.31 training_loss_running_mean 1946.58 learning_rate 0.00020000 total_sec 93161.7 sec_per_tick 32.8    sec_per_sample 2.05    cpu_mem_gb 2.35   peak_gpu_mem_gb 9.68   peak_gpu_mem_reserved_gb 10.20 
[2026-01-21 11:01:41,540][checkpoint][INFO] - Saved model state dictionary: /beegfs/muduchuru/codes/physicsnemo/examples/weather/corrdiff/checkpoints_regression/UNet.0.330000.mdlus
[2026-01-21 11:01:42,709][checkpoint][INFO] - Saved training checkpoint: /beegfs/muduchuru/codes/physicsnemo/examples/weather/corrdiff/checkpoints_regression/checkpoint.0.330000.pt
[2026-01-21 11:07:44,552][main][INFO] - samples 331008.0  training_loss 2894.00 training_loss_running_mean 2113.21 learning_rate 0.00020000 total_sec 93525.8 sec_per_tick 30.3    sec_per_sample 1.89    cpu_mem_gb 2.35   peak_gpu_mem_gb 9.68   peak_gpu_mem_reserved_gb 10.20 
[2026-01-21 11:13:43,605][main][INFO] - samples 332000.0  training_loss 711.92  training_loss_running_mean 1830.19 learning_rate 0.00020000 total_sec 93884.9 sec_per_tick 34.4    sec_per_sample 2.15    cpu_mem_gb 2.35   peak_gpu_mem_gb 9.68   peak_gpu_mem_reserved_gb 10.20 
[2026-01-21 11:19:47,571][main][INFO] - samples 333008.0  training_loss 395.40  training_loss_running_mean 2392.02 learning_rate 0.00020000 total_sec 94248.8 sec_per_tick 30.7    sec_per_sample 1.92    cpu_mem_gb 2.35   peak_gpu_mem_gb 9.68   peak_gpu_mem_reserved_gb 10.20 
[2026-01-21 11:25:51,585][main][INFO] - samples 334000.0  training_loss 3009.08 training_loss_running_mean 1940.98 learning_rate 0.00020000 total_sec 94612.8 sec_per_tick 38.6    sec_per_sample 2.41    cpu_mem_gb 2.35   peak_gpu_mem_gb 9.68   peak_gpu_mem_reserved_gb 10.20 
[2026-01-21 11:31:48,134][main][INFO] - samples 335008.0  training_loss 2299.21 training_loss_running_mean 2018.37 learning_rate 0.00020000 total_sec 94969.4 sec_per_tick 29.8    sec_per_sample 1.86    cpu_mem_gb 2.35   peak_gpu_mem_gb 9.68   peak_gpu_mem_reserved_gb 10.20 
[2026-01-21 11:31:49,314][checkpoint][INFO] - Saved model state dictionary: /beegfs/muduchuru/codes/physicsnemo/examples/weather/corrdiff/checkpoints_regression/UNet.0.335008.mdlus
[2026-01-21 11:31:50,701][checkpoint][INFO] - Saved training checkpoint: /beegfs/muduchuru/codes/physicsnemo/examples/weather/corrdiff/checkpoints_regression/checkpoint.0.335008.pt
[2026-01-21 11:37:52,454][main][INFO] - samples 336000.0  training_loss 55.28   training_loss_running_mean 2715.82 learning_rate 0.00020000 total_sec 95333.7 sec_per_tick 29.2    sec_per_sample 1.82    cpu_mem_gb 2.35   peak_gpu_mem_gb 9.68   peak_gpu_mem_reserved_gb 10.20 
[2026-01-21 11:44:01,707][main][INFO] - samples 337008.0  training_loss 1200.41 training_loss_running_mean 1585.28 learning_rate 0.00020000 total_sec 95703.0 sec_per_tick 42.7    sec_per_sample 2.67    cpu_mem_gb 2.35   peak_gpu_mem_gb 9.68   peak_gpu_mem_reserved_gb 10.20 
[2026-01-21 11:49:57,045][main][INFO] - samples 338000.0  training_loss 1567.91 training_loss_running_mean 1590.66 learning_rate 0.00020000 total_sec 96058.3 sec_per_tick 30.2    sec_per_sample 1.89    cpu_mem_gb 2.35   peak_gpu_mem_gb 9.68   peak_gpu_mem_reserved_gb 10.20 
[2026-01-21 11:56:02,932][main][INFO] - samples 339008.0  training_loss 19493.00 training_loss_running_mean 3157.23 learning_rate 0.00020000 total_sec 96424.2 sec_per_tick 29.5    sec_per_sample 1.85    cpu_mem_gb 2.35   peak_gpu_mem_gb 9.68   peak_gpu_mem_reserved_gb 10.20 
[2026-01-21 12:01:57,047][main][INFO] - samples 340000.0  training_loss 927.76  training_loss_running_mean 2062.08 learning_rate 0.00020000 total_sec 96778.3 sec_per_tick 29.6    sec_per_sample 1.85    cpu_mem_gb 2.35   peak_gpu_mem_gb 9.68   peak_gpu_mem_reserved_gb 10.20 
[2026-01-21 12:01:58,315][checkpoint][INFO] - Saved model state dictionary: /beegfs/muduchuru/codes/physicsnemo/examples/weather/corrdiff/checkpoints_regression/UNet.0.340000.mdlus
[2026-01-21 12:01:59,380][checkpoint][INFO] - Saved training checkpoint: /beegfs/muduchuru/codes/physicsnemo/examples/weather/corrdiff/checkpoints_regression/checkpoint.0.340000.pt
[2026-01-21 12:08:04,293][main][INFO] - samples 341008.0  training_loss 977.94  training_loss_running_mean 1937.77 learning_rate 0.00020000 total_sec 97145.6 sec_per_tick 29.6    sec_per_sample 1.85    cpu_mem_gb 2.35   peak_gpu_mem_gb 9.68   peak_gpu_mem_reserved_gb 10.20 
[2026-01-21 12:14:09,011][main][INFO] - samples 342000.0  training_loss 233.06  training_loss_running_mean 2473.79 learning_rate 0.00020000 total_sec 97510.3 sec_per_tick 42.0    sec_per_sample 2.62    cpu_mem_gb 2.35   peak_gpu_mem_gb 9.68   peak_gpu_mem_reserved_gb 10.20 
[2026-01-21 12:20:04,775][main][INFO] - samples 343008.0  training_loss 638.31  training_loss_running_mean 2111.50 learning_rate 0.00020000 total_sec 97866.0 sec_per_tick 29.6    sec_per_sample 1.85    cpu_mem_gb 2.35   peak_gpu_mem_gb 9.68   peak_gpu_mem_reserved_gb 10.20 
[2026-01-21 12:26:10,930][main][INFO] - samples 344000.0  training_loss 1446.47 training_loss_running_mean 2049.94 learning_rate 0.00020000 total_sec 98232.2 sec_per_tick 29.0    sec_per_sample 1.81    cpu_mem_gb 2.35   peak_gpu_mem_gb 9.68   peak_gpu_mem_reserved_gb 10.20 
[2026-01-21 12:32:16,056][main][INFO] - samples 345008.0  training_loss 1848.06 training_loss_running_mean 2569.33 learning_rate 0.00020000 total_sec 98597.3 sec_per_tick 37.5    sec_per_sample 2.34    cpu_mem_gb 2.35   peak_gpu_mem_gb 9.68   peak_gpu_mem_reserved_gb 10.20 
[2026-01-21 12:32:17,169][checkpoint][INFO] - Saved model state dictionary: /beegfs/muduchuru/codes/physicsnemo/examples/weather/corrdiff/checkpoints_regression/UNet.0.345008.mdlus
[2026-01-21 12:32:18,380][checkpoint][INFO] - Saved training checkpoint: /beegfs/muduchuru/codes/physicsnemo/examples/weather/corrdiff/checkpoints_regression/checkpoint.0.345008.pt
[2026-01-21 12:38:11,980][main][INFO] - samples 346000.0  training_loss 97.98   training_loss_running_mean 2012.73 learning_rate 0.00020000 total_sec 98953.2 sec_per_tick 32.6    sec_per_sample 2.04    cpu_mem_gb 2.35   peak_gpu_mem_gb 9.68   peak_gpu_mem_reserved_gb 10.20 
[2026-01-21 12:44:15,664][main][INFO] - samples 347008.0  training_loss 980.34  training_loss_running_mean 3245.93 learning_rate 0.00020000 total_sec 99316.9 sec_per_tick 29.8    sec_per_sample 1.86    cpu_mem_gb 2.35   peak_gpu_mem_gb 9.68   peak_gpu_mem_reserved_gb 10.20 
[2026-01-21 12:50:09,744][main][INFO] - samples 348000.0  training_loss 1481.46 training_loss_running_mean 2759.04 learning_rate 0.00020000 total_sec 99671.0 sec_per_tick 30.0    sec_per_sample 1.88    cpu_mem_gb 2.35   peak_gpu_mem_gb 9.68   peak_gpu_mem_reserved_gb 10.20 
[2026-01-21 12:56:19,602][main][INFO] - samples 349008.0  training_loss 1025.88 training_loss_running_mean 1869.06 learning_rate 0.00020000 total_sec 100040.9 sec_per_tick 29.1    sec_per_sample 1.82    cpu_mem_gb 2.35   peak_gpu_mem_gb 9.68   peak_gpu_mem_reserved_gb 10.20 
[2026-01-21 13:02:22,741][main][INFO] - samples 350000.0  training_loss 1081.88 training_loss_running_mean 2455.65 learning_rate 0.00020000 total_sec 100404.0 sec_per_tick 41.1    sec_per_sample 2.57    cpu_mem_gb 2.35   peak_gpu_mem_gb 9.68   peak_gpu_mem_reserved_gb 10.20 
[2026-01-21 13:02:23,870][checkpoint][INFO] - Saved model state dictionary: /beegfs/muduchuru/codes/physicsnemo/examples/weather/corrdiff/checkpoints_regression/UNet.0.350000.mdlus
[2026-01-21 13:02:25,250][checkpoint][INFO] - Saved training checkpoint: /beegfs/muduchuru/codes/physicsnemo/examples/weather/corrdiff/checkpoints_regression/checkpoint.0.350000.pt
[2026-01-21 13:08:23,709][main][INFO] - samples 351008.0  training_loss 3754.13 training_loss_running_mean 2340.97 learning_rate 0.00020000 total_sec 100765.0 sec_per_tick 29.8    sec_per_sample 1.86    cpu_mem_gb 2.34   peak_gpu_mem_gb 9.68   peak_gpu_mem_reserved_gb 10.20 
[2026-01-21 13:14:23,186][main][INFO] - samples 352000.0  training_loss 490.06  training_loss_running_mean 4411.07 learning_rate 0.00020000 total_sec 101124.4 sec_per_tick 29.8    sec_per_sample 1.86    cpu_mem_gb 2.34   peak_gpu_mem_gb 9.68   peak_gpu_mem_reserved_gb 10.20 
[2026-01-21 13:20:32,826][main][INFO] - samples 353008.0  training_loss 744.68  training_loss_running_mean 1706.94 learning_rate 0.00020000 total_sec 101494.1 sec_per_tick 42.6    sec_per_sample 2.66    cpu_mem_gb 2.34   peak_gpu_mem_gb 9.68   peak_gpu_mem_reserved_gb 10.20 
[2026-01-21 13:26:27,124][main][INFO] - samples 354000.0  training_loss 760.54  training_loss_running_mean 1711.74 learning_rate 0.00020000 total_sec 101848.4 sec_per_tick 29.8    sec_per_sample 1.87    cpu_mem_gb 2.34   peak_gpu_mem_gb 9.68   peak_gpu_mem_reserved_gb 10.20 
[2026-01-21 13:32:33,824][main][INFO] - samples 355008.0  training_loss 5041.56 training_loss_running_mean 1982.89 learning_rate 0.00020000 total_sec 102215.1 sec_per_tick 29.4    sec_per_sample 1.84    cpu_mem_gb 2.34   peak_gpu_mem_gb 9.68   peak_gpu_mem_reserved_gb 10.20 
[2026-01-21 13:32:34,951][checkpoint][INFO] - Saved model state dictionary: /beegfs/muduchuru/codes/physicsnemo/examples/weather/corrdiff/checkpoints_regression/UNet.0.355008.mdlus
[2026-01-21 13:32:35,981][checkpoint][INFO] - Saved training checkpoint: /beegfs/muduchuru/codes/physicsnemo/examples/weather/corrdiff/checkpoints_regression/checkpoint.0.355008.pt
[2026-01-21 13:38:32,994][main][INFO] - samples 356000.0  training_loss 583.49  training_loss_running_mean 1805.64 learning_rate 0.00020000 total_sec 102574.3 sec_per_tick 29.5    sec_per_sample 1.85    cpu_mem_gb 2.35   peak_gpu_mem_gb 9.68   peak_gpu_mem_reserved_gb 10.20 
[2026-01-21 13:44:39,483][main][INFO] - samples 357008.0  training_loss 1786.22 training_loss_running_mean 2420.24 learning_rate 0.00020000 total_sec 102940.7 sec_per_tick 34.4    sec_per_sample 2.15    cpu_mem_gb 2.35   peak_gpu_mem_gb 9.68   peak_gpu_mem_reserved_gb 10.20 
[2026-01-21 13:50:39,544][main][INFO] - samples 358000.0  training_loss 1169.37 training_loss_running_mean 1413.70 learning_rate 0.00020000 total_sec 103300.8 sec_per_tick 37.2    sec_per_sample 2.32    cpu_mem_gb 2.35   peak_gpu_mem_gb 9.68   peak_gpu_mem_reserved_gb 10.20 
[2026-01-21 13:56:36,813][main][INFO] - samples 359008.0  training_loss 9486.28 training_loss_running_mean 2436.99 learning_rate 0.00020000 total_sec 103658.1 sec_per_tick 29.7    sec_per_sample 1.86    cpu_mem_gb 2.35   peak_gpu_mem_gb 9.68   peak_gpu_mem_reserved_gb 10.20 
[2026-01-21 14:02:40,217][main][INFO] - samples 360000.0  training_loss 2992.11 training_loss_running_mean 2522.45 learning_rate 0.00020000 total_sec 104021.5 sec_per_tick 29.7    sec_per_sample 1.86    cpu_mem_gb 2.35   peak_gpu_mem_gb 9.68   peak_gpu_mem_reserved_gb 10.20 
[2026-01-21 14:02:41,365][checkpoint][INFO] - Saved model state dictionary: /beegfs/muduchuru/codes/physicsnemo/examples/weather/corrdiff/checkpoints_regression/UNet.0.360000.mdlus
[2026-01-21 14:02:42,392][checkpoint][INFO] - Saved training checkpoint: /beegfs/muduchuru/codes/physicsnemo/examples/weather/corrdiff/checkpoints_regression/checkpoint.0.360000.pt
[2026-01-21 14:08:45,805][main][INFO] - samples 361008.0  training_loss 1591.90 training_loss_running_mean 3047.14 learning_rate 0.00020000 total_sec 104387.1 sec_per_tick 36.4    sec_per_sample 2.27    cpu_mem_gb 2.34   peak_gpu_mem_gb 9.68   peak_gpu_mem_reserved_gb 10.20 
[2026-01-21 14:14:49,713][main][INFO] - samples 362000.0  training_loss 10349.18 training_loss_running_mean 2971.22 learning_rate 0.00020000 total_sec 104751.0 sec_per_tick 34.9    sec_per_sample 2.18    cpu_mem_gb 2.34   peak_gpu_mem_gb 9.68   peak_gpu_mem_reserved_gb 10.20 
[2026-01-21 14:21:03,868][main][INFO] - samples 363008.0  training_loss 1785.48 training_loss_running_mean 3606.50 learning_rate 0.00020000 total_sec 105125.1 sec_per_tick 37.1    sec_per_sample 2.32    cpu_mem_gb 2.34   peak_gpu_mem_gb 9.68   peak_gpu_mem_reserved_gb 10.20 
[2026-01-21 14:27:06,857][main][INFO] - samples 364000.0  training_loss 1245.95 training_loss_running_mean 2023.20 learning_rate 0.00020000 total_sec 105488.1 sec_per_tick 30.4    sec_per_sample 1.90    cpu_mem_gb 2.34   peak_gpu_mem_gb 9.68   peak_gpu_mem_reserved_gb 10.20 
[2026-01-21 14:33:16,701][main][INFO] - samples 365008.0  training_loss 779.90  training_loss_running_mean 1755.04 learning_rate 0.00020000 total_sec 105858.0 sec_per_tick 29.9    sec_per_sample 1.87    cpu_mem_gb 2.34   peak_gpu_mem_gb 9.68   peak_gpu_mem_reserved_gb 10.20 
[2026-01-21 14:33:17,758][checkpoint][INFO] - Saved model state dictionary: /beegfs/muduchuru/codes/physicsnemo/examples/weather/corrdiff/checkpoints_regression/UNet.0.365008.mdlus
[2026-01-21 14:33:18,792][checkpoint][INFO] - Saved training checkpoint: /beegfs/muduchuru/codes/physicsnemo/examples/weather/corrdiff/checkpoints_regression/checkpoint.0.365008.pt
[2026-01-21 14:39:24,073][main][INFO] - samples 366000.0  training_loss 3804.77 training_loss_running_mean 2642.12 learning_rate 0.00020000 total_sec 106225.3 sec_per_tick 41.3    sec_per_sample 2.58    cpu_mem_gb 2.35   peak_gpu_mem_gb 9.68   peak_gpu_mem_reserved_gb 10.20 
[2026-01-21 14:45:28,761][main][INFO] - samples 367008.0  training_loss 3293.72 training_loss_running_mean 1913.83 learning_rate 0.00020000 total_sec 106590.0 sec_per_tick 30.4    sec_per_sample 1.90    cpu_mem_gb 2.35   peak_gpu_mem_gb 9.68   peak_gpu_mem_reserved_gb 10.20 
[2026-01-21 14:51:40,132][main][INFO] - samples 368000.0  training_loss 222.45  training_loss_running_mean 2269.53 learning_rate 0.00020000 total_sec 106961.4 sec_per_tick 28.9    sec_per_sample 1.81    cpu_mem_gb 2.35   peak_gpu_mem_gb 9.68   peak_gpu_mem_reserved_gb 10.20 
[2026-01-21 14:57:52,367][main][INFO] - samples 369008.0  training_loss 5431.22 training_loss_running_mean 1838.10 learning_rate 0.00020000 total_sec 107333.6 sec_per_tick 38.3    sec_per_sample 2.39    cpu_mem_gb 2.35   peak_gpu_mem_gb 9.68   peak_gpu_mem_reserved_gb 10.20 
[2026-01-21 15:03:51,778][main][INFO] - samples 370000.0  training_loss 1410.65 training_loss_running_mean 1932.85 learning_rate 0.00020000 total_sec 107693.0 sec_per_tick 29.7    sec_per_sample 1.86    cpu_mem_gb 2.35   peak_gpu_mem_gb 9.68   peak_gpu_mem_reserved_gb 10.20 
[2026-01-21 15:03:52,836][checkpoint][INFO] - Saved model state dictionary: /beegfs/muduchuru/codes/physicsnemo/examples/weather/corrdiff/checkpoints_regression/UNet.0.370000.mdlus
[2026-01-21 15:03:53,897][checkpoint][INFO] - Saved training checkpoint: /beegfs/muduchuru/codes/physicsnemo/examples/weather/corrdiff/checkpoints_regression/checkpoint.0.370000.pt
[2026-01-21 15:10:12,482][main][INFO] - samples 371008.0  training_loss 1511.15 training_loss_running_mean 2334.01 learning_rate 0.00020000 total_sec 108073.7 sec_per_tick 30.7    sec_per_sample 1.92    cpu_mem_gb 2.35   peak_gpu_mem_gb 9.68   peak_gpu_mem_reserved_gb 10.20 
[2026-01-21 15:16:15,114][main][INFO] - samples 372000.0  training_loss 2219.15 training_loss_running_mean 2261.45 learning_rate 0.00020000 total_sec 108436.4 sec_per_tick 30.2    sec_per_sample 1.89    cpu_mem_gb 2.34   peak_gpu_mem_gb 9.68   peak_gpu_mem_reserved_gb 10.20 
[2026-01-21 15:22:24,631][main][INFO] - samples 373008.0  training_loss 989.59  training_loss_running_mean 2907.41 learning_rate 0.00020000 total_sec 108805.9 sec_per_tick 36.7    sec_per_sample 2.30    cpu_mem_gb 2.34   peak_gpu_mem_gb 9.68   peak_gpu_mem_reserved_gb 10.20 
[2026-01-21 15:28:28,049][main][INFO] - samples 374000.0  training_loss 3413.35 training_loss_running_mean 2219.08 learning_rate 0.00020000 total_sec 109169.3 sec_per_tick 36.4    sec_per_sample 2.27    cpu_mem_gb 2.34   peak_gpu_mem_gb 9.68   peak_gpu_mem_reserved_gb 10.20 
[2026-01-21 15:34:32,351][main][INFO] - samples 375008.0  training_loss 8605.89 training_loss_running_mean 1659.12 learning_rate 0.00020000 total_sec 109533.6 sec_per_tick 30.5    sec_per_sample 1.91    cpu_mem_gb 2.34   peak_gpu_mem_gb 9.68   peak_gpu_mem_reserved_gb 10.20 
[2026-01-21 15:34:33,919][checkpoint][INFO] - Saved model state dictionary: /beegfs/muduchuru/codes/physicsnemo/examples/weather/corrdiff/checkpoints_regression/UNet.0.375008.mdlus
[2026-01-21 15:34:35,403][checkpoint][INFO] - Saved training checkpoint: /beegfs/muduchuru/codes/physicsnemo/examples/weather/corrdiff/checkpoints_regression/checkpoint.0.375008.pt
[2026-01-21 15:40:37,548][main][INFO] - samples 376000.0  training_loss 78.32   training_loss_running_mean 2908.04 learning_rate 0.00020000 total_sec 109898.8 sec_per_tick 29.9    sec_per_sample 1.87    cpu_mem_gb 2.35   peak_gpu_mem_gb 9.68   peak_gpu_mem_reserved_gb 10.20 
[2026-01-21 15:46:52,986][main][INFO] - samples 377008.0  training_loss 6434.22 training_loss_running_mean 2059.27 learning_rate 0.00020000 total_sec 110274.2 sec_per_tick 43.2    sec_per_sample 2.70    cpu_mem_gb 2.35   peak_gpu_mem_gb 9.68   peak_gpu_mem_reserved_gb 10.20 
[2026-01-21 15:52:51,797][main][INFO] - samples 378000.0  training_loss 5733.36 training_loss_running_mean 1924.57 learning_rate 0.00020000 total_sec 110633.1 sec_per_tick 30.8    sec_per_sample 1.92    cpu_mem_gb 2.35   peak_gpu_mem_gb 9.68   peak_gpu_mem_reserved_gb 10.20 
[2026-01-21 15:59:01,435][main][INFO] - samples 379008.0  training_loss 350.46  training_loss_running_mean 2428.67 learning_rate 0.00020000 total_sec 111002.7 sec_per_tick 30.0    sec_per_sample 1.88    cpu_mem_gb 2.35   peak_gpu_mem_gb 9.68   peak_gpu_mem_reserved_gb 10.20 
[2026-01-21 16:05:05,707][main][INFO] - samples 380000.0  training_loss 2716.50 training_loss_running_mean 1760.30 learning_rate 0.00020000 total_sec 111367.0 sec_per_tick 35.3    sec_per_sample 2.20    cpu_mem_gb 2.35   peak_gpu_mem_gb 9.68   peak_gpu_mem_reserved_gb 10.20 
[2026-01-21 16:05:06,777][checkpoint][INFO] - Saved model state dictionary: /beegfs/muduchuru/codes/physicsnemo/examples/weather/corrdiff/checkpoints_regression/UNet.0.380000.mdlus
[2026-01-21 16:05:07,821][checkpoint][INFO] - Saved training checkpoint: /beegfs/muduchuru/codes/physicsnemo/examples/weather/corrdiff/checkpoints_regression/checkpoint.0.380000.pt
[2026-01-21 16:11:16,166][main][INFO] - samples 381008.0  training_loss 1315.01 training_loss_running_mean 2296.47 learning_rate 0.00020000 total_sec 111737.4 sec_per_tick 29.9    sec_per_sample 1.87    cpu_mem_gb 2.35   peak_gpu_mem_gb 9.68   peak_gpu_mem_reserved_gb 10.20 
[2026-01-21 16:17:26,685][main][INFO] - samples 382000.0  training_loss 2815.87 training_loss_running_mean 1911.21 learning_rate 0.00020000 total_sec 112107.9 sec_per_tick 39.1    sec_per_sample 2.44    cpu_mem_gb 2.34   peak_gpu_mem_gb 9.68   peak_gpu_mem_reserved_gb 10.20 
[2026-01-21 16:23:29,839][main][INFO] - samples 383008.0  training_loss 625.69  training_loss_running_mean 1541.18 learning_rate 0.00020000 total_sec 112471.1 sec_per_tick 31.8    sec_per_sample 1.99    cpu_mem_gb 2.34   peak_gpu_mem_gb 9.68   peak_gpu_mem_reserved_gb 10.20 
[2026-01-21 16:29:38,137][main][INFO] - samples 384000.0  training_loss 551.74  training_loss_running_mean 2231.90 learning_rate 0.00020000 total_sec 112839.4 sec_per_tick 29.4    sec_per_sample 1.84    cpu_mem_gb 2.34   peak_gpu_mem_gb 9.68   peak_gpu_mem_reserved_gb 10.20 
[2026-01-21 16:35:51,953][main][INFO] - samples 385008.0  training_loss 1527.80 training_loss_running_mean 1442.04 learning_rate 0.00020000 total_sec 113213.2 sec_per_tick 39.5    sec_per_sample 2.47    cpu_mem_gb 2.34   peak_gpu_mem_gb 9.68   peak_gpu_mem_reserved_gb 10.20 
[2026-01-21 16:35:52,991][checkpoint][INFO] - Saved model state dictionary: /beegfs/muduchuru/codes/physicsnemo/examples/weather/corrdiff/checkpoints_regression/UNet.0.385008.mdlus
[2026-01-21 16:35:53,987][checkpoint][INFO] - Saved training checkpoint: /beegfs/muduchuru/codes/physicsnemo/examples/weather/corrdiff/checkpoints_regression/checkpoint.0.385008.pt
[2026-01-21 16:41:52,750][main][INFO] - samples 386000.0  training_loss 5800.31 training_loss_running_mean 2799.27 learning_rate 0.00020000 total_sec 113574.0 sec_per_tick 30.0    sec_per_sample 1.87    cpu_mem_gb 2.35   peak_gpu_mem_gb 9.68   peak_gpu_mem_reserved_gb 10.20 
[2026-01-21 16:48:02,239][main][INFO] - samples 387008.0  training_loss 733.63  training_loss_running_mean 2102.14 learning_rate 0.00020000 total_sec 113943.5 sec_per_tick 29.8    sec_per_sample 1.86    cpu_mem_gb 2.35   peak_gpu_mem_gb 9.68   peak_gpu_mem_reserved_gb 10.20 
[2026-01-21 16:54:01,583][main][INFO] - samples 388000.0  training_loss 322.56  training_loss_running_mean 2027.04 learning_rate 0.00020000 total_sec 114302.8 sec_per_tick 33.7    sec_per_sample 2.11    cpu_mem_gb 2.35   peak_gpu_mem_gb 9.68   peak_gpu_mem_reserved_gb 10.20 
[2026-01-21 17:00:06,574][main][INFO] - samples 389008.0  training_loss 224.08  training_loss_running_mean 2131.91 learning_rate 0.00020000 total_sec 114667.8 sec_per_tick 30.0    sec_per_sample 1.87    cpu_mem_gb 2.35   peak_gpu_mem_gb 9.68   peak_gpu_mem_reserved_gb 10.20 
[2026-01-21 17:06:12,359][main][INFO] - samples 390000.0  training_loss 588.74  training_loss_running_mean 2694.93 learning_rate 0.00020000 total_sec 115033.6 sec_per_tick 40.1    sec_per_sample 2.51    cpu_mem_gb 2.35   peak_gpu_mem_gb 9.68   peak_gpu_mem_reserved_gb 10.20 
[2026-01-21 17:06:13,408][checkpoint][INFO] - Saved model state dictionary: /beegfs/muduchuru/codes/physicsnemo/examples/weather/corrdiff/checkpoints_regression/UNet.0.390000.mdlus
[2026-01-21 17:06:14,470][checkpoint][INFO] - Saved training checkpoint: /beegfs/muduchuru/codes/physicsnemo/examples/weather/corrdiff/checkpoints_regression/checkpoint.0.390000.pt
[2026-01-21 17:12:13,388][main][INFO] - samples 391008.0  training_loss 4760.85 training_loss_running_mean 2193.82 learning_rate 0.00020000 total_sec 115394.6 sec_per_tick 30.3    sec_per_sample 1.89    cpu_mem_gb 2.35   peak_gpu_mem_gb 9.68   peak_gpu_mem_reserved_gb 10.20 
[2026-01-21 17:18:18,677][main][INFO] - samples 392000.0  training_loss 36.01   training_loss_running_mean 2095.65 learning_rate 0.00020000 total_sec 115759.9 sec_per_tick 32.3    sec_per_sample 2.02    cpu_mem_gb 2.35   peak_gpu_mem_gb 9.68   peak_gpu_mem_reserved_gb 10.20 
[2026-01-21 17:24:25,168][main][INFO] - samples 393008.0  training_loss 1464.02 training_loss_running_mean 1924.45 learning_rate 0.00020000 total_sec 116126.4 sec_per_tick 39.3    sec_per_sample 2.46    cpu_mem_gb 2.34   peak_gpu_mem_gb 9.68   peak_gpu_mem_reserved_gb 10.20 
[2026-01-21 17:30:19,205][main][INFO] - samples 394000.0  training_loss 2203.63 training_loss_running_mean 2658.44 learning_rate 0.00020000 total_sec 116480.5 sec_per_tick 29.7    sec_per_sample 1.86    cpu_mem_gb 2.34   peak_gpu_mem_gb 9.68   peak_gpu_mem_reserved_gb 10.20 
[2026-01-21 17:36:27,165][main][INFO] - samples 395008.0  training_loss 6168.90 training_loss_running_mean 1790.78 learning_rate 0.00020000 total_sec 116848.4 sec_per_tick 30.6    sec_per_sample 1.92    cpu_mem_gb 2.34   peak_gpu_mem_gb 9.68   peak_gpu_mem_reserved_gb 10.20 
[2026-01-21 17:36:28,232][checkpoint][INFO] - Saved model state dictionary: /beegfs/muduchuru/codes/physicsnemo/examples/weather/corrdiff/checkpoints_regression/UNet.0.395008.mdlus
[2026-01-21 17:36:29,289][checkpoint][INFO] - Saved training checkpoint: /beegfs/muduchuru/codes/physicsnemo/examples/weather/corrdiff/checkpoints_regression/checkpoint.0.395008.pt
[2026-01-21 17:42:26,677][main][INFO] - samples 396000.0  training_loss 337.51  training_loss_running_mean 2014.18 learning_rate 0.00020000 total_sec 117207.9 sec_per_tick 33.2    sec_per_sample 2.07    cpu_mem_gb 2.35   peak_gpu_mem_gb 9.68   peak_gpu_mem_reserved_gb 10.20 
[2026-01-21 17:48:31,765][main][INFO] - samples 397008.0  training_loss 2931.17 training_loss_running_mean 2901.28 learning_rate 0.00020000 total_sec 117573.0 sec_per_tick 29.9    sec_per_sample 1.87    cpu_mem_gb 2.35   peak_gpu_mem_gb 9.68   peak_gpu_mem_reserved_gb 10.20 
[2026-01-21 17:54:36,565][main][INFO] - samples 398000.0  training_loss 3584.72 training_loss_running_mean 2093.62 learning_rate 0.00020000 total_sec 117937.8 sec_per_tick 35.4    sec_per_sample 2.21    cpu_mem_gb 2.35   peak_gpu_mem_gb 9.68   peak_gpu_mem_reserved_gb 10.20 
[2026-01-21 18:00:41,345][main][INFO] - samples 399008.0  training_loss 446.51  training_loss_running_mean 2189.20 learning_rate 0.00020000 total_sec 118302.6 sec_per_tick 36.4    sec_per_sample 2.28    cpu_mem_gb 2.35   peak_gpu_mem_gb 9.68   peak_gpu_mem_reserved_gb 10.20 
[2026-01-21 18:06:42,461][main][INFO] - samples 400000.0  training_loss 151.50  training_loss_running_mean 2666.61 learning_rate 0.00020000 total_sec 118663.7 sec_per_tick 30.2    sec_per_sample 1.89    cpu_mem_gb 2.35   peak_gpu_mem_gb 9.68   peak_gpu_mem_reserved_gb 10.20 
[2026-01-21 18:06:43,638][checkpoint][INFO] - Saved model state dictionary: /beegfs/muduchuru/codes/physicsnemo/examples/weather/corrdiff/checkpoints_regression/UNet.0.400000.mdlus
[2026-01-21 18:06:44,691][checkpoint][INFO] - Saved training checkpoint: /beegfs/muduchuru/codes/physicsnemo/examples/weather/corrdiff/checkpoints_regression/checkpoint.0.400000.pt
[2026-01-21 18:12:52,842][main][INFO] - samples 401008.0  training_loss 945.62  training_loss_running_mean 2397.93 learning_rate 0.00020000 total_sec 119034.1 sec_per_tick 39.0    sec_per_sample 2.44    cpu_mem_gb 2.35   peak_gpu_mem_gb 9.68   peak_gpu_mem_reserved_gb 10.20 
[2026-01-21 18:18:50,972][main][INFO] - samples 402000.0  training_loss 2300.02 training_loss_running_mean 2150.31 learning_rate 0.00020000 total_sec 119392.2 sec_per_tick 29.6    sec_per_sample 1.85    cpu_mem_gb 2.35   peak_gpu_mem_gb 9.68   peak_gpu_mem_reserved_gb 10.20 
[2026-01-21 18:25:00,759][main][INFO] - samples 403008.0  training_loss 976.39  training_loss_running_mean 2136.46 learning_rate 0.00020000 total_sec 119762.0 sec_per_tick 37.8    sec_per_sample 2.37    cpu_mem_gb 2.34   peak_gpu_mem_gb 9.68   peak_gpu_mem_reserved_gb 10.20 
[2026-01-21 18:30:58,084][main][INFO] - samples 404000.0  training_loss 777.11  training_loss_running_mean 2662.21 learning_rate 0.00020000 total_sec 120119.3 sec_per_tick 31.8    sec_per_sample 1.99    cpu_mem_gb 2.34   peak_gpu_mem_gb 9.68   peak_gpu_mem_reserved_gb 10.20 
[2026-01-21 18:37:03,863][main][INFO] - samples 405008.0  training_loss 3463.86 training_loss_running_mean 2696.41 learning_rate 0.00020000 total_sec 120485.1 sec_per_tick 30.6    sec_per_sample 1.91    cpu_mem_gb 2.34   peak_gpu_mem_gb 9.68   peak_gpu_mem_reserved_gb 10.20 
[2026-01-21 18:37:05,172][checkpoint][INFO] - Saved model state dictionary: /beegfs/muduchuru/codes/physicsnemo/examples/weather/corrdiff/checkpoints_regression/UNet.0.405008.mdlus
[2026-01-21 18:37:06,366][checkpoint][INFO] - Saved training checkpoint: /beegfs/muduchuru/codes/physicsnemo/examples/weather/corrdiff/checkpoints_regression/checkpoint.0.405008.pt
[2026-01-21 18:43:01,583][main][INFO] - samples 406000.0  training_loss 2848.95 training_loss_running_mean 2438.37 learning_rate 0.00020000 total_sec 120842.8 sec_per_tick 32.1    sec_per_sample 2.01    cpu_mem_gb 2.35   peak_gpu_mem_gb 9.68   peak_gpu_mem_reserved_gb 10.20 
[2026-01-21 18:49:08,871][main][INFO] - samples 407008.0  training_loss 1548.06 training_loss_running_mean 1871.93 learning_rate 0.00020000 total_sec 121210.1 sec_per_tick 33.3    sec_per_sample 2.08    cpu_mem_gb 2.35   peak_gpu_mem_gb 9.68   peak_gpu_mem_reserved_gb 10.20 
[2026-01-21 18:55:11,368][main][INFO] - samples 408000.0  training_loss 27171.17 training_loss_running_mean 2324.84 learning_rate 0.00020000 total_sec 121572.6 sec_per_tick 36.8    sec_per_sample 2.30    cpu_mem_gb 2.35   peak_gpu_mem_gb 9.68   peak_gpu_mem_reserved_gb 10.20 
[2026-01-21 19:01:12,414][main][INFO] - samples 409008.0  training_loss 2239.30 training_loss_running_mean 2017.92 learning_rate 0.00020000 total_sec 121933.7 sec_per_tick 29.5    sec_per_sample 1.84    cpu_mem_gb 2.35   peak_gpu_mem_gb 9.68   peak_gpu_mem_reserved_gb 10.20 
[2026-01-21 19:07:16,264][main][INFO] - samples 410000.0  training_loss 610.62  training_loss_running_mean 1748.17 learning_rate 0.00020000 total_sec 122297.5 sec_per_tick 32.7    sec_per_sample 2.05    cpu_mem_gb 2.35   peak_gpu_mem_gb 9.68   peak_gpu_mem_reserved_gb 10.20 
[2026-01-21 19:07:17,414][checkpoint][INFO] - Saved model state dictionary: /beegfs/muduchuru/codes/physicsnemo/examples/weather/corrdiff/checkpoints_regression/UNet.0.410000.mdlus
[2026-01-21 19:07:18,456][checkpoint][INFO] - Saved training checkpoint: /beegfs/muduchuru/codes/physicsnemo/examples/weather/corrdiff/checkpoints_regression/checkpoint.0.410000.pt
[2026-01-21 19:13:21,328][main][INFO] - samples 411008.0  training_loss 693.08  training_loss_running_mean 2159.61 learning_rate 0.00020000 total_sec 122662.6 sec_per_tick 33.5    sec_per_sample 2.09    cpu_mem_gb 2.35   peak_gpu_mem_gb 9.68   peak_gpu_mem_reserved_gb 10.20 
[2026-01-21 19:19:22,058][main][INFO] - samples 412000.0  training_loss 1305.48 training_loss_running_mean 1868.35 learning_rate 0.00020000 total_sec 123023.3 sec_per_tick 35.3    sec_per_sample 2.21    cpu_mem_gb 2.35   peak_gpu_mem_gb 9.68   peak_gpu_mem_reserved_gb 10.20 
[2026-01-21 19:25:24,922][main][INFO] - samples 413008.0  training_loss 448.66  training_loss_running_mean 1836.28 learning_rate 0.00020000 total_sec 123386.2 sec_per_tick 32.9    sec_per_sample 2.05    cpu_mem_gb 2.35   peak_gpu_mem_gb 9.68   peak_gpu_mem_reserved_gb 10.20 
[2026-01-21 19:31:26,894][main][INFO] - samples 414000.0  training_loss 842.25  training_loss_running_mean 3417.63 learning_rate 0.00020000 total_sec 123748.2 sec_per_tick 35.9    sec_per_sample 2.25    cpu_mem_gb 2.34   peak_gpu_mem_gb 9.68   peak_gpu_mem_reserved_gb 10.20 
[2026-01-21 19:37:27,709][main][INFO] - samples 415008.0  training_loss 1257.84 training_loss_running_mean 1845.29 learning_rate 0.00020000 total_sec 124109.0 sec_per_tick 34.1    sec_per_sample 2.13    cpu_mem_gb 2.34   peak_gpu_mem_gb 9.68   peak_gpu_mem_reserved_gb 10.20 
[2026-01-21 19:37:28,853][checkpoint][INFO] - Saved model state dictionary: /beegfs/muduchuru/codes/physicsnemo/examples/weather/corrdiff/checkpoints_regression/UNet.0.415008.mdlus
[2026-01-21 19:37:29,968][checkpoint][INFO] - Saved training checkpoint: /beegfs/muduchuru/codes/physicsnemo/examples/weather/corrdiff/checkpoints_regression/checkpoint.0.415008.pt
[2026-01-21 19:43:28,670][main][INFO] - samples 416000.0  training_loss 167.14  training_loss_running_mean 1366.15 learning_rate 0.00020000 total_sec 124469.9 sec_per_tick 35.0    sec_per_sample 2.19    cpu_mem_gb 2.35   peak_gpu_mem_gb 9.68   peak_gpu_mem_reserved_gb 10.20 
[2026-01-21 19:49:34,583][main][INFO] - samples 417008.0  training_loss 542.11  training_loss_running_mean 2306.56 learning_rate 0.00020000 total_sec 124835.8 sec_per_tick 31.5    sec_per_sample 1.97    cpu_mem_gb 2.35   peak_gpu_mem_gb 9.68   peak_gpu_mem_reserved_gb 10.20 
[2026-01-21 19:55:36,181][main][INFO] - samples 418000.0  training_loss 2595.57 training_loss_running_mean 2050.72 learning_rate 0.00020000 total_sec 125197.4 sec_per_tick 34.5    sec_per_sample 2.15    cpu_mem_gb 2.35   peak_gpu_mem_gb 9.68   peak_gpu_mem_reserved_gb 10.20 
[2026-01-21 20:01:40,858][main][INFO] - samples 419008.0  training_loss 3565.89 training_loss_running_mean 1680.80 learning_rate 0.00020000 total_sec 125562.1 sec_per_tick 29.2    sec_per_sample 1.82    cpu_mem_gb 2.35   peak_gpu_mem_gb 9.68   peak_gpu_mem_reserved_gb 10.20 
[2026-01-21 20:07:48,419][main][INFO] - samples 420000.0  training_loss 620.37  training_loss_running_mean 2677.17 learning_rate 0.00020000 total_sec 125929.7 sec_per_tick 36.5    sec_per_sample 2.28    cpu_mem_gb 2.35   peak_gpu_mem_gb 9.68   peak_gpu_mem_reserved_gb 10.20 
[2026-01-21 20:07:49,672][checkpoint][INFO] - Saved model state dictionary: /beegfs/muduchuru/codes/physicsnemo/examples/weather/corrdiff/checkpoints_regression/UNet.0.420000.mdlus
[2026-01-21 20:07:51,249][checkpoint][INFO] - Saved training checkpoint: /beegfs/muduchuru/codes/physicsnemo/examples/weather/corrdiff/checkpoints_regression/checkpoint.0.420000.pt
[2026-01-21 20:13:50,767][main][INFO] - samples 421008.0  training_loss 3936.96 training_loss_running_mean 2346.11 learning_rate 0.00020000 total_sec 126292.0 sec_per_tick 31.4    sec_per_sample 1.96    cpu_mem_gb 2.35   peak_gpu_mem_gb 9.68   peak_gpu_mem_reserved_gb 10.20 
[2026-01-21 20:19:57,650][main][INFO] - samples 422000.0  training_loss 1414.76 training_loss_running_mean 2423.78 learning_rate 0.00020000 total_sec 126658.9 sec_per_tick 37.5    sec_per_sample 2.34    cpu_mem_gb 2.35   peak_gpu_mem_gb 9.68   peak_gpu_mem_reserved_gb 10.20 
[2026-01-21 20:25:57,967][main][INFO] - samples 423008.0  training_loss 732.44  training_loss_running_mean 2127.33 learning_rate 0.00020000 total_sec 127019.2 sec_per_tick 34.2    sec_per_sample 2.14    cpu_mem_gb 2.35   peak_gpu_mem_gb 9.68   peak_gpu_mem_reserved_gb 10.20 
[2026-01-21 20:31:52,947][main][INFO] - samples 424000.0  training_loss 828.86  training_loss_running_mean 2065.78 learning_rate 0.00020000 total_sec 127374.2 sec_per_tick 31.7    sec_per_sample 1.98    cpu_mem_gb 2.35   peak_gpu_mem_gb 9.68   peak_gpu_mem_reserved_gb 10.20 
[2026-01-21 20:37:57,454][main][INFO] - samples 425008.0  training_loss 1679.85 training_loss_running_mean 2176.05 learning_rate 0.00020000 total_sec 127738.7 sec_per_tick 38.6    sec_per_sample 2.41    cpu_mem_gb 2.35   peak_gpu_mem_gb 9.68   peak_gpu_mem_reserved_gb 10.20 
[2026-01-21 20:37:58,540][checkpoint][INFO] - Saved model state dictionary: /beegfs/muduchuru/codes/physicsnemo/examples/weather/corrdiff/checkpoints_regression/UNet.0.425008.mdlus
[2026-01-21 20:37:59,533][checkpoint][INFO] - Saved training checkpoint: /beegfs/muduchuru/codes/physicsnemo/examples/weather/corrdiff/checkpoints_regression/checkpoint.0.425008.pt
[2026-01-21 20:43:51,362][main][INFO] - samples 426000.0  training_loss 155.25  training_loss_running_mean 1868.12 learning_rate 0.00020000 total_sec 128092.6 sec_per_tick 30.8    sec_per_sample 1.92    cpu_mem_gb 2.35   peak_gpu_mem_gb 9.68   peak_gpu_mem_reserved_gb 10.20 
[2026-01-21 20:49:54,622][main][INFO] - samples 427008.0  training_loss 348.45  training_loss_running_mean 2433.94 learning_rate 0.00020000 total_sec 128455.9 sec_per_tick 31.3    sec_per_sample 1.96    cpu_mem_gb 2.35   peak_gpu_mem_gb 9.68   peak_gpu_mem_reserved_gb 10.20 
[2026-01-21 20:55:48,916][main][INFO] - samples 428000.0  training_loss 1627.19 training_loss_running_mean 1960.75 learning_rate 0.00020000 total_sec 128810.2 sec_per_tick 31.3    sec_per_sample 1.96    cpu_mem_gb 2.35   peak_gpu_mem_gb 9.68   peak_gpu_mem_reserved_gb 10.20 
[2026-01-21 21:01:57,019][main][INFO] - samples 429008.0  training_loss 1530.95 training_loss_running_mean 2232.60 learning_rate 0.00020000 total_sec 129178.3 sec_per_tick 30.0    sec_per_sample 1.87    cpu_mem_gb 2.35   peak_gpu_mem_gb 9.68   peak_gpu_mem_reserved_gb 10.20 
[2026-01-21 21:08:04,462][main][INFO] - samples 430000.0  training_loss 4824.55 training_loss_running_mean 2727.39 learning_rate 0.00020000 total_sec 129545.7 sec_per_tick 41.0    sec_per_sample 2.56    cpu_mem_gb 2.35   peak_gpu_mem_gb 9.68   peak_gpu_mem_reserved_gb 10.20 
[2026-01-21 21:08:05,499][checkpoint][INFO] - Saved model state dictionary: /beegfs/muduchuru/codes/physicsnemo/examples/weather/corrdiff/checkpoints_regression/UNet.0.430000.mdlus
[2026-01-21 21:08:06,503][checkpoint][INFO] - Saved training checkpoint: /beegfs/muduchuru/codes/physicsnemo/examples/weather/corrdiff/checkpoints_regression/checkpoint.0.430000.pt
[2026-01-21 21:14:07,445][main][INFO] - samples 431008.0  training_loss 1765.90 training_loss_running_mean 2208.68 learning_rate 0.00020000 total_sec 129908.7 sec_per_tick 30.0    sec_per_sample 1.87    cpu_mem_gb 2.35   peak_gpu_mem_gb 9.68   peak_gpu_mem_reserved_gb 10.20 
[2026-01-21 21:20:10,533][main][INFO] - samples 432000.0  training_loss 1145.37 training_loss_running_mean 1957.88 learning_rate 0.00020000 total_sec 130271.8 sec_per_tick 32.0    sec_per_sample 2.00    cpu_mem_gb 2.36   peak_gpu_mem_gb 9.68   peak_gpu_mem_reserved_gb 10.20 
[2026-01-21 21:26:18,270][main][INFO] - samples 433008.0  training_loss 300.51  training_loss_running_mean 1800.77 learning_rate 0.00020000 total_sec 130639.5 sec_per_tick 37.1    sec_per_sample 2.32    cpu_mem_gb 2.36   peak_gpu_mem_gb 9.68   peak_gpu_mem_reserved_gb 10.20 
[2026-01-21 21:32:16,336][main][INFO] - samples 434000.0  training_loss 985.37  training_loss_running_mean 2009.44 learning_rate 0.00020000 total_sec 130997.6 sec_per_tick 34.9    sec_per_sample 2.18    cpu_mem_gb 2.35   peak_gpu_mem_gb 9.68   peak_gpu_mem_reserved_gb 10.20 
[2026-01-21 21:38:21,568][main][INFO] - samples 435008.0  training_loss 812.86  training_loss_running_mean 2294.85 learning_rate 0.00020000 total_sec 131362.8 sec_per_tick 29.3    sec_per_sample 1.83    cpu_mem_gb 2.35   peak_gpu_mem_gb 9.68   peak_gpu_mem_reserved_gb 10.20 
[2026-01-21 21:38:22,644][checkpoint][INFO] - Saved model state dictionary: /beegfs/muduchuru/codes/physicsnemo/examples/weather/corrdiff/checkpoints_regression/UNet.0.435008.mdlus
[2026-01-21 21:38:23,671][checkpoint][INFO] - Saved training checkpoint: /beegfs/muduchuru/codes/physicsnemo/examples/weather/corrdiff/checkpoints_regression/checkpoint.0.435008.pt
[2026-01-21 21:44:17,360][main][INFO] - samples 436000.0  training_loss 2605.51 training_loss_running_mean 2117.63 learning_rate 0.00020000 total_sec 131718.6 sec_per_tick 33.5    sec_per_sample 2.09    cpu_mem_gb 2.35   peak_gpu_mem_gb 9.68   peak_gpu_mem_reserved_gb 10.20 
[2026-01-21 21:50:19,359][main][INFO] - samples 437008.0  training_loss 2125.61 training_loss_running_mean 2243.75 learning_rate 0.00020000 total_sec 132080.6 sec_per_tick 29.9    sec_per_sample 1.87    cpu_mem_gb 2.35   peak_gpu_mem_gb 9.68   peak_gpu_mem_reserved_gb 10.20 
[2026-01-21 21:56:24,388][main][INFO] - samples 438000.0  training_loss 8663.65 training_loss_running_mean 2325.61 learning_rate 0.00020000 total_sec 132445.6 sec_per_tick 43.9    sec_per_sample 2.74    cpu_mem_gb 2.35   peak_gpu_mem_gb 9.68   peak_gpu_mem_reserved_gb 10.20 
[2026-01-21 22:02:17,252][main][INFO] - samples 439008.0  training_loss 76.04   training_loss_running_mean 3128.33 learning_rate 0.00020000 total_sec 132798.5 sec_per_tick 29.7    sec_per_sample 1.85    cpu_mem_gb 2.35   peak_gpu_mem_gb 9.68   peak_gpu_mem_reserved_gb 10.20 
[2026-01-21 22:08:15,541][main][INFO] - samples 440000.0  training_loss 1784.99 training_loss_running_mean 2022.22 learning_rate 0.00020000 total_sec 133156.8 sec_per_tick 28.6    sec_per_sample 1.79    cpu_mem_gb 2.35   peak_gpu_mem_gb 9.68   peak_gpu_mem_reserved_gb 10.20 
[2026-01-21 22:08:16,661][checkpoint][INFO] - Saved model state dictionary: /beegfs/muduchuru/codes/physicsnemo/examples/weather/corrdiff/checkpoints_regression/UNet.0.440000.mdlus
[2026-01-21 22:08:17,695][checkpoint][INFO] - Saved training checkpoint: /beegfs/muduchuru/codes/physicsnemo/examples/weather/corrdiff/checkpoints_regression/checkpoint.0.440000.pt
[2026-01-21 22:14:20,084][main][INFO] - samples 441008.0  training_loss 82.45   training_loss_running_mean 1330.07 learning_rate 0.00020000 total_sec 133521.3 sec_per_tick 37.1    sec_per_sample 2.32    cpu_mem_gb 2.35   peak_gpu_mem_gb 9.68   peak_gpu_mem_reserved_gb 10.20 
[2026-01-21 22:20:13,418][main][INFO] - samples 442000.0  training_loss 3228.04 training_loss_running_mean 2158.53 learning_rate 0.00020000 total_sec 133874.7 sec_per_tick 30.4    sec_per_sample 1.90    cpu_mem_gb 2.35   peak_gpu_mem_gb 9.68   peak_gpu_mem_reserved_gb 10.20 
[2026-01-21 22:26:13,826][main][INFO] - samples 443008.0  training_loss 13276.03 training_loss_running_mean 2270.71 learning_rate 0.00020000 total_sec 134235.1 sec_per_tick 32.1    sec_per_sample 2.00    cpu_mem_gb 2.35   peak_gpu_mem_gb 9.68   peak_gpu_mem_reserved_gb 10.20 
[2026-01-21 22:32:05,340][main][INFO] - samples 444000.0  training_loss 645.42  training_loss_running_mean 3111.60 learning_rate 0.00020000 total_sec 134586.6 sec_per_tick 29.8    sec_per_sample 1.86    cpu_mem_gb 2.35   peak_gpu_mem_gb 9.68   peak_gpu_mem_reserved_gb 10.20 
[2026-01-21 22:38:07,891][main][INFO] - samples 445008.0  training_loss 1685.64 training_loss_running_mean 2517.37 learning_rate 0.00020000 total_sec 134949.2 sec_per_tick 34.5    sec_per_sample 2.16    cpu_mem_gb 2.35   peak_gpu_mem_gb 9.68   peak_gpu_mem_reserved_gb 10.20 
[2026-01-21 22:38:08,938][checkpoint][INFO] - Saved model state dictionary: /beegfs/muduchuru/codes/physicsnemo/examples/weather/corrdiff/checkpoints_regression/UNet.0.445008.mdlus
[2026-01-21 22:38:09,920][checkpoint][INFO] - Saved training checkpoint: /beegfs/muduchuru/codes/physicsnemo/examples/weather/corrdiff/checkpoints_regression/checkpoint.0.445008.pt
[2026-01-21 22:43:59,487][main][INFO] - samples 446000.0  training_loss 2253.10 training_loss_running_mean 2368.78 learning_rate 0.00020000 total_sec 135300.7 sec_per_tick 32.6    sec_per_sample 2.04    cpu_mem_gb 2.35   peak_gpu_mem_gb 9.68   peak_gpu_mem_reserved_gb 10.20 
[2026-01-21 22:49:57,232][main][INFO] - samples 447008.0  training_loss 2359.54 training_loss_running_mean 2039.69 learning_rate 0.00020000 total_sec 135658.5 sec_per_tick 31.7    sec_per_sample 1.98    cpu_mem_gb 2.35   peak_gpu_mem_gb 9.68   peak_gpu_mem_reserved_gb 10.20 
[2026-01-21 22:55:46,827][main][INFO] - samples 448000.0  training_loss 460.01  training_loss_running_mean 2156.59 learning_rate 0.00020000 total_sec 136008.1 sec_per_tick 29.2    sec_per_sample 1.83    cpu_mem_gb 2.35   peak_gpu_mem_gb 9.68   peak_gpu_mem_reserved_gb 10.20 
[2026-01-21 23:01:47,856][main][INFO] - samples 449008.0  training_loss 1572.93 training_loss_running_mean 1986.24 learning_rate 0.00020000 total_sec 136369.1 sec_per_tick 29.3    sec_per_sample 1.83    cpu_mem_gb 2.35   peak_gpu_mem_gb 9.68   peak_gpu_mem_reserved_gb 10.20 
[2026-01-21 23:07:40,873][main][INFO] - samples 450000.0  training_loss 609.80  training_loss_running_mean 2116.08 learning_rate 0.00020000 total_sec 136722.1 sec_per_tick 34.8    sec_per_sample 2.17    cpu_mem_gb 2.35   peak_gpu_mem_gb 9.68   peak_gpu_mem_reserved_gb 10.20 
[2026-01-21 23:07:42,011][checkpoint][INFO] - Saved model state dictionary: /beegfs/muduchuru/codes/physicsnemo/examples/weather/corrdiff/checkpoints_regression/UNet.0.450000.mdlus
[2026-01-21 23:07:43,097][checkpoint][INFO] - Saved training checkpoint: /beegfs/muduchuru/codes/physicsnemo/examples/weather/corrdiff/checkpoints_regression/checkpoint.0.450000.pt
[2026-01-21 23:13:34,827][main][INFO] - samples 451008.0  training_loss 30.62   training_loss_running_mean 2361.08 learning_rate 0.00020000 total_sec 137076.1 sec_per_tick 29.1    sec_per_sample 1.82    cpu_mem_gb 2.36   peak_gpu_mem_gb 9.68   peak_gpu_mem_reserved_gb 10.20 
[2026-01-21 23:19:31,375][main][INFO] - samples 452000.0  training_loss 3373.18 training_loss_running_mean 2623.34 learning_rate 0.00020000 total_sec 137432.6 sec_per_tick 28.8    sec_per_sample 1.80    cpu_mem_gb 2.36   peak_gpu_mem_gb 9.68   peak_gpu_mem_reserved_gb 10.20 
[2026-01-21 23:25:31,858][main][INFO] - samples 453008.0  training_loss 880.62  training_loss_running_mean 2426.56 learning_rate 0.00020000 total_sec 137793.1 sec_per_tick 38.0    sec_per_sample 2.37    cpu_mem_gb 2.36   peak_gpu_mem_gb 9.68   peak_gpu_mem_reserved_gb 10.20 
[2026-01-21 23:31:20,889][main][INFO] - samples 454000.0  training_loss 4284.63 training_loss_running_mean 2418.48 learning_rate 0.00020000 total_sec 138142.2 sec_per_tick 32.4    sec_per_sample 2.02    cpu_mem_gb 2.36   peak_gpu_mem_gb 9.68   peak_gpu_mem_reserved_gb 10.20 
[2026-01-21 23:37:19,087][main][INFO] - samples 455008.0  training_loss 3380.00 training_loss_running_mean 2555.50 learning_rate 0.00020000 total_sec 138500.3 sec_per_tick 29.0    sec_per_sample 1.81    cpu_mem_gb 2.35   peak_gpu_mem_gb 9.68   peak_gpu_mem_reserved_gb 10.20 
[2026-01-21 23:37:20,148][checkpoint][INFO] - Saved model state dictionary: /beegfs/muduchuru/codes/physicsnemo/examples/weather/corrdiff/checkpoints_regression/UNet.0.455008.mdlus
[2026-01-21 23:37:21,399][checkpoint][INFO] - Saved training checkpoint: /beegfs/muduchuru/codes/physicsnemo/examples/weather/corrdiff/checkpoints_regression/checkpoint.0.455008.pt
[2026-01-21 23:43:09,232][main][INFO] - samples 456000.0  training_loss 981.19  training_loss_running_mean 2084.91 learning_rate 0.00020000 total_sec 138850.5 sec_per_tick 28.9    sec_per_sample 1.81    cpu_mem_gb 2.36   peak_gpu_mem_gb 9.68   peak_gpu_mem_reserved_gb 10.20 
[2026-01-21 23:49:09,273][main][INFO] - samples 457008.0  training_loss 505.51  training_loss_running_mean 2291.69 learning_rate 0.00020000 total_sec 139210.5 sec_per_tick 35.3    sec_per_sample 2.21    cpu_mem_gb 2.36   peak_gpu_mem_gb 9.68   peak_gpu_mem_reserved_gb 10.20 
[2026-01-21 23:55:02,305][main][INFO] - samples 458000.0  training_loss 3053.59 training_loss_running_mean 2471.65 learning_rate 0.00020000 total_sec 139563.6 sec_per_tick 35.8    sec_per_sample 2.23    cpu_mem_gb 2.36   peak_gpu_mem_gb 9.68   peak_gpu_mem_reserved_gb 10.20 
[2026-01-22 00:00:55,657][main][INFO] - samples 459008.0  training_loss 819.30  training_loss_running_mean 2271.06 learning_rate 0.00020000 total_sec 139916.9 sec_per_tick 33.2    sec_per_sample 2.08    cpu_mem_gb 2.36   peak_gpu_mem_gb 9.68   peak_gpu_mem_reserved_gb 10.20 
[2026-01-22 00:06:49,140][main][INFO] - samples 460000.0  training_loss 264.44  training_loss_running_mean 2573.14 learning_rate 0.00020000 total_sec 140270.4 sec_per_tick 29.0    sec_per_sample 1.81    cpu_mem_gb 2.36   peak_gpu_mem_gb 9.68   peak_gpu_mem_reserved_gb 10.20 
[2026-01-22 00:06:50,253][checkpoint][INFO] - Saved model state dictionary: /beegfs/muduchuru/codes/physicsnemo/examples/weather/corrdiff/checkpoints_regression/UNet.0.460000.mdlus
[2026-01-22 00:06:51,282][checkpoint][INFO] - Saved training checkpoint: /beegfs/muduchuru/codes/physicsnemo/examples/weather/corrdiff/checkpoints_regression/checkpoint.0.460000.pt
[2026-01-22 00:12:51,667][main][INFO] - samples 461008.0  training_loss 1351.92 training_loss_running_mean 1712.20 learning_rate 0.00020000 total_sec 140632.9 sec_per_tick 37.6    sec_per_sample 2.35    cpu_mem_gb 2.36   peak_gpu_mem_gb 9.68   peak_gpu_mem_reserved_gb 10.20 
[2026-01-22 00:18:41,509][main][INFO] - samples 462000.0  training_loss 916.47  training_loss_running_mean 1956.82 learning_rate 0.00020000 total_sec 140982.8 sec_per_tick 33.1    sec_per_sample 2.07    cpu_mem_gb 2.36   peak_gpu_mem_gb 9.68   peak_gpu_mem_reserved_gb 10.20 
[2026-01-22 00:24:38,783][main][INFO] - samples 463008.0  training_loss 778.27  training_loss_running_mean 1673.58 learning_rate 0.00020000 total_sec 141340.0 sec_per_tick 31.5    sec_per_sample 1.97    cpu_mem_gb 2.36   peak_gpu_mem_gb 9.68   peak_gpu_mem_reserved_gb 10.20 
[2026-01-22 00:30:30,301][main][INFO] - samples 464000.0  training_loss 1123.34 training_loss_running_mean 2151.14 learning_rate 0.00020000 total_sec 141691.6 sec_per_tick 28.9    sec_per_sample 1.80    cpu_mem_gb 2.36   peak_gpu_mem_gb 9.68   peak_gpu_mem_reserved_gb 10.20 
[2026-01-22 00:36:32,933][main][INFO] - samples 465008.0  training_loss 4799.77 training_loss_running_mean 2652.97 learning_rate 0.00020000 total_sec 142054.2 sec_per_tick 33.5    sec_per_sample 2.09    cpu_mem_gb 2.36   peak_gpu_mem_gb 9.68   peak_gpu_mem_reserved_gb 10.20 
[2026-01-22 00:36:33,977][checkpoint][INFO] - Saved model state dictionary: /beegfs/muduchuru/codes/physicsnemo/examples/weather/corrdiff/checkpoints_regression/UNet.0.465008.mdlus
[2026-01-22 00:36:34,974][checkpoint][INFO] - Saved training checkpoint: /beegfs/muduchuru/codes/physicsnemo/examples/weather/corrdiff/checkpoints_regression/checkpoint.0.465008.pt
[2026-01-22 00:42:22,232][main][INFO] - samples 466000.0  training_loss 3005.00 training_loss_running_mean 1851.75 learning_rate 0.00020000 total_sec 142403.5 sec_per_tick 33.7    sec_per_sample 2.10    cpu_mem_gb 2.35   peak_gpu_mem_gb 9.68   peak_gpu_mem_reserved_gb 10.20 
[2026-01-22 00:48:21,499][main][INFO] - samples 467008.0  training_loss 397.88  training_loss_running_mean 2031.74 learning_rate 0.00020000 total_sec 142762.8 sec_per_tick 28.6    sec_per_sample 1.79    cpu_mem_gb 2.35   peak_gpu_mem_gb 9.68   peak_gpu_mem_reserved_gb 10.20 
[2026-01-22 00:54:14,577][main][INFO] - samples 468000.0  training_loss 5134.92 training_loss_running_mean 2260.45 learning_rate 0.00020000 total_sec 143115.8 sec_per_tick 31.4    sec_per_sample 1.96    cpu_mem_gb 2.35   peak_gpu_mem_gb 9.68   peak_gpu_mem_reserved_gb 10.20 
[2026-01-22 01:00:11,945][main][INFO] - samples 469008.0  training_loss 590.28  training_loss_running_mean 2395.33 learning_rate 0.00020000 total_sec 143473.2 sec_per_tick 33.0    sec_per_sample 2.06    cpu_mem_gb 2.35   peak_gpu_mem_gb 9.68   peak_gpu_mem_reserved_gb 10.20 
[2026-01-22 01:06:04,157][main][INFO] - samples 470000.0  training_loss 754.35  training_loss_running_mean 2825.10 learning_rate 0.00020000 total_sec 143825.4 sec_per_tick 33.4    sec_per_sample 2.09    cpu_mem_gb 2.35   peak_gpu_mem_gb 9.68   peak_gpu_mem_reserved_gb 10.20 
[2026-01-22 01:06:06,312][checkpoint][INFO] - Saved model state dictionary: /beegfs/muduchuru/codes/physicsnemo/examples/weather/corrdiff/checkpoints_regression/UNet.0.470000.mdlus
[2026-01-22 01:06:07,639][checkpoint][INFO] - Saved training checkpoint: /beegfs/muduchuru/codes/physicsnemo/examples/weather/corrdiff/checkpoints_regression/checkpoint.0.470000.pt
[2026-01-22 01:12:01,917][main][INFO] - samples 471008.0  training_loss 334.44  training_loss_running_mean 2602.20 learning_rate 0.00020000 total_sec 144183.2 sec_per_tick 36.1    sec_per_sample 2.26    cpu_mem_gb 2.36   peak_gpu_mem_gb 9.68   peak_gpu_mem_reserved_gb 10.20 
[2026-01-22 01:17:54,046][main][INFO] - samples 472000.0  training_loss 66.67   training_loss_running_mean 2193.06 learning_rate 0.00020000 total_sec 144535.3 sec_per_tick 29.1    sec_per_sample 1.82    cpu_mem_gb 2.36   peak_gpu_mem_gb 9.68   peak_gpu_mem_reserved_gb 10.20 
[2026-01-22 01:23:51,121][main][INFO] - samples 473008.0  training_loss 1243.12 training_loss_running_mean 2102.40 learning_rate 0.00020000 total_sec 144892.4 sec_per_tick 30.4    sec_per_sample 1.90    cpu_mem_gb 2.36   peak_gpu_mem_gb 9.68   peak_gpu_mem_reserved_gb 10.20 
[2026-01-22 01:29:40,513][main][INFO] - samples 474000.0  training_loss 504.52  training_loss_running_mean 2679.62 learning_rate 0.00020000 total_sec 145241.8 sec_per_tick 34.2    sec_per_sample 2.14    cpu_mem_gb 2.36   peak_gpu_mem_gb 9.68   peak_gpu_mem_reserved_gb 10.20 
[2026-01-22 01:35:35,375][main][INFO] - samples 475008.0  training_loss 778.13  training_loss_running_mean 2542.43 learning_rate 0.00020000 total_sec 145596.6 sec_per_tick 29.0    sec_per_sample 1.81    cpu_mem_gb 2.36   peak_gpu_mem_gb 9.68   peak_gpu_mem_reserved_gb 10.20 
[2026-01-22 01:35:36,458][checkpoint][INFO] - Saved model state dictionary: /beegfs/muduchuru/codes/physicsnemo/examples/weather/corrdiff/checkpoints_regression/UNet.0.475008.mdlus
[2026-01-22 01:35:37,510][checkpoint][INFO] - Saved training checkpoint: /beegfs/muduchuru/codes/physicsnemo/examples/weather/corrdiff/checkpoints_regression/checkpoint.0.475008.pt
[2026-01-22 01:41:31,763][main][INFO] - samples 476000.0  training_loss 944.47  training_loss_running_mean 2362.29 learning_rate 0.00020000 total_sec 145953.0 sec_per_tick 32.5    sec_per_sample 2.03    cpu_mem_gb 2.35   peak_gpu_mem_gb 9.68   peak_gpu_mem_reserved_gb 10.20 
[2026-01-22 01:47:28,225][main][INFO] - samples 477008.0  training_loss 207.26  training_loss_running_mean 3119.66 learning_rate 0.00020000 total_sec 146309.5 sec_per_tick 33.4    sec_per_sample 2.09    cpu_mem_gb 2.35   peak_gpu_mem_gb 9.68   peak_gpu_mem_reserved_gb 10.20 
[2026-01-22 01:53:16,222][main][INFO] - samples 478000.0  training_loss 1026.43 training_loss_running_mean 2184.03 learning_rate 0.00020000 total_sec 146657.5 sec_per_tick 29.7    sec_per_sample 1.85    cpu_mem_gb 2.35   peak_gpu_mem_gb 9.68   peak_gpu_mem_reserved_gb 10.20 
[2026-01-22 01:59:14,923][main][INFO] - samples 479008.0  training_loss 962.29  training_loss_running_mean 1992.48 learning_rate 0.00020000 total_sec 147016.2 sec_per_tick 33.0    sec_per_sample 2.07    cpu_mem_gb 2.35   peak_gpu_mem_gb 9.68   peak_gpu_mem_reserved_gb 10.20 
[2026-01-22 02:05:04,307][main][INFO] - samples 480000.0  training_loss 704.53  training_loss_running_mean 1957.20 learning_rate 0.00020000 total_sec 147365.6 sec_per_tick 29.4    sec_per_sample 1.83    cpu_mem_gb 2.35   peak_gpu_mem_gb 9.68   peak_gpu_mem_reserved_gb 10.20 
[2026-01-22 02:05:05,401][checkpoint][INFO] - Saved model state dictionary: /beegfs/muduchuru/codes/physicsnemo/examples/weather/corrdiff/checkpoints_regression/UNet.0.480000.mdlus
[2026-01-22 02:05:06,439][checkpoint][INFO] - Saved training checkpoint: /beegfs/muduchuru/codes/physicsnemo/examples/weather/corrdiff/checkpoints_regression/checkpoint.0.480000.pt
[2026-01-22 02:11:05,402][main][INFO] - samples 481008.0  training_loss 5101.45 training_loss_running_mean 2361.96 learning_rate 0.00020000 total_sec 147726.7 sec_per_tick 38.3    sec_per_sample 2.39    cpu_mem_gb 2.36   peak_gpu_mem_gb 9.68   peak_gpu_mem_reserved_gb 10.20 
[2026-01-22 02:16:54,659][main][INFO] - samples 482000.0  training_loss 1260.93 training_loss_running_mean 2018.73 learning_rate 0.00020000 total_sec 148075.9 sec_per_tick 34.0    sec_per_sample 2.13    cpu_mem_gb 2.36   peak_gpu_mem_gb 9.68   peak_gpu_mem_reserved_gb 10.20 
[2026-01-22 02:22:50,967][main][INFO] - samples 483008.0  training_loss 225.99  training_loss_running_mean 1940.92 learning_rate 0.00020000 total_sec 148432.2 sec_per_tick 29.0    sec_per_sample 1.81    cpu_mem_gb 2.36   peak_gpu_mem_gb 9.68   peak_gpu_mem_reserved_gb 10.20 
[2026-01-22 02:28:40,301][main][INFO] - samples 484000.0  training_loss 357.08  training_loss_running_mean 2524.08 learning_rate 0.00020000 total_sec 148781.6 sec_per_tick 30.5    sec_per_sample 1.90    cpu_mem_gb 2.36   peak_gpu_mem_gb 9.68   peak_gpu_mem_reserved_gb 10.20 
[2026-01-22 02:34:37,917][main][INFO] - samples 485008.0  training_loss 1533.27 training_loss_running_mean 2125.08 learning_rate 0.00020000 total_sec 149139.2 sec_per_tick 32.0    sec_per_sample 2.00    cpu_mem_gb 2.36   peak_gpu_mem_gb 9.68   peak_gpu_mem_reserved_gb 10.20 
[2026-01-22 02:34:38,970][checkpoint][INFO] - Saved model state dictionary: /beegfs/muduchuru/codes/physicsnemo/examples/weather/corrdiff/checkpoints_regression/UNet.0.485008.mdlus
[2026-01-22 02:34:39,956][checkpoint][INFO] - Saved training checkpoint: /beegfs/muduchuru/codes/physicsnemo/examples/weather/corrdiff/checkpoints_regression/checkpoint.0.485008.pt
[2026-01-22 02:40:28,425][main][INFO] - samples 486000.0  training_loss 764.41  training_loss_running_mean 2702.29 learning_rate 0.00020000 total_sec 149489.7 sec_per_tick 37.0    sec_per_sample 2.31    cpu_mem_gb 2.36   peak_gpu_mem_gb 9.68   peak_gpu_mem_reserved_gb 10.20 
[2026-01-22 02:46:21,271][main][INFO] - samples 487008.0  training_loss 309.99  training_loss_running_mean 1815.14 learning_rate 0.00020000 total_sec 149842.5 sec_per_tick 31.1    sec_per_sample 1.94    cpu_mem_gb 2.35   peak_gpu_mem_gb 9.68   peak_gpu_mem_reserved_gb 10.20 
[2026-01-22 02:52:22,970][main][INFO] - samples 488000.0  training_loss 1736.57 training_loss_running_mean 1980.38 learning_rate 0.00020000 total_sec 150204.2 sec_per_tick 34.4    sec_per_sample 2.15    cpu_mem_gb 2.35   peak_gpu_mem_gb 9.68   peak_gpu_mem_reserved_gb 10.20 
[2026-01-22 02:58:23,392][main][INFO] - samples 489008.0  training_loss 1601.65 training_loss_running_mean 1590.79 learning_rate 0.00020000 total_sec 150564.7 sec_per_tick 38.3    sec_per_sample 2.40    cpu_mem_gb 2.35   peak_gpu_mem_gb 9.68   peak_gpu_mem_reserved_gb 10.20 
[2026-01-22 03:04:17,421][main][INFO] - samples 490000.0  training_loss 5930.03 training_loss_running_mean 2060.66 learning_rate 0.00020000 total_sec 150918.7 sec_per_tick 29.1    sec_per_sample 1.82    cpu_mem_gb 2.35   peak_gpu_mem_gb 9.68   peak_gpu_mem_reserved_gb 10.20 
[2026-01-22 03:04:18,537][checkpoint][INFO] - Saved model state dictionary: /beegfs/muduchuru/codes/physicsnemo/examples/weather/corrdiff/checkpoints_regression/UNet.0.490000.mdlus
[2026-01-22 03:04:19,641][checkpoint][INFO] - Saved training checkpoint: /beegfs/muduchuru/codes/physicsnemo/examples/weather/corrdiff/checkpoints_regression/checkpoint.0.490000.pt
[2026-01-22 03:10:20,609][main][INFO] - samples 491008.0  training_loss 3550.96 training_loss_running_mean 2325.88 learning_rate 0.00020000 total_sec 151281.9 sec_per_tick 37.0    sec_per_sample 2.32    cpu_mem_gb 2.36   peak_gpu_mem_gb 9.68   peak_gpu_mem_reserved_gb 10.20 
[2026-01-22 03:16:08,844][main][INFO] - samples 492000.0  training_loss 1473.08 training_loss_running_mean 2459.37 learning_rate 0.00020000 total_sec 151630.1 sec_per_tick 29.9    sec_per_sample 1.87    cpu_mem_gb 2.36   peak_gpu_mem_gb 9.68   peak_gpu_mem_reserved_gb 10.20 
[2026-01-22 03:22:07,635][main][INFO] - samples 493008.0  training_loss 2375.91 training_loss_running_mean 2443.36 learning_rate 0.00020000 total_sec 151988.9 sec_per_tick 32.2    sec_per_sample 2.01    cpu_mem_gb 2.36   peak_gpu_mem_gb 9.68   peak_gpu_mem_reserved_gb 10.20 
[2026-01-22 03:27:58,752][main][INFO] - samples 494000.0  training_loss 198.75  training_loss_running_mean 2020.57 learning_rate 0.00020000 total_sec 152340.0 sec_per_tick 34.9    sec_per_sample 2.18    cpu_mem_gb 2.36   peak_gpu_mem_gb 9.68   peak_gpu_mem_reserved_gb 10.20 
[2026-01-22 03:33:51,594][main][INFO] - samples 495008.0  training_loss 1841.01 training_loss_running_mean 2020.14 learning_rate 0.00020000 total_sec 152692.9 sec_per_tick 30.9    sec_per_sample 1.93    cpu_mem_gb 2.36   peak_gpu_mem_gb 9.68   peak_gpu_mem_reserved_gb 10.20 
[2026-01-22 03:33:52,706][checkpoint][INFO] - Saved model state dictionary: /beegfs/muduchuru/codes/physicsnemo/examples/weather/corrdiff/checkpoints_regression/UNet.0.495008.mdlus
[2026-01-22 03:33:53,774][checkpoint][INFO] - Saved training checkpoint: /beegfs/muduchuru/codes/physicsnemo/examples/weather/corrdiff/checkpoints_regression/checkpoint.0.495008.pt
[2026-01-22 03:39:48,488][main][INFO] - samples 496000.0  training_loss 713.77  training_loss_running_mean 1940.63 learning_rate 0.00020000 total_sec 153049.7 sec_per_tick 35.0    sec_per_sample 2.19    cpu_mem_gb 2.36   peak_gpu_mem_gb 9.68   peak_gpu_mem_reserved_gb 10.20 
[2026-01-22 03:45:44,860][main][INFO] - samples 497008.0  training_loss 788.59  training_loss_running_mean 2479.54 learning_rate 0.00020000 total_sec 153406.1 sec_per_tick 32.7    sec_per_sample 2.05    cpu_mem_gb 2.35   peak_gpu_mem_gb 9.68   peak_gpu_mem_reserved_gb 10.20 
[2026-01-22 03:51:41,831][main][INFO] - samples 498000.0  training_loss 635.62  training_loss_running_mean 2053.94 learning_rate 0.00020000 total_sec 153763.1 sec_per_tick 36.1    sec_per_sample 2.26    cpu_mem_gb 2.35   peak_gpu_mem_gb 9.68   peak_gpu_mem_reserved_gb 10.20 
[2026-01-22 03:57:38,803][main][INFO] - samples 499008.0  training_loss 5469.24 training_loss_running_mean 2178.45 learning_rate 0.00020000 total_sec 154120.1 sec_per_tick 29.5    sec_per_sample 1.84    cpu_mem_gb 2.35   peak_gpu_mem_gb 9.68   peak_gpu_mem_reserved_gb 10.20 
[2026-01-22 04:03:27,539][main][INFO] - samples 500000.0  training_loss 3423.27 training_loss_running_mean 2011.70 learning_rate 0.00020000 total_sec 154468.8 sec_per_tick 30.7    sec_per_sample 1.92    cpu_mem_gb 2.35   peak_gpu_mem_gb 9.68   peak_gpu_mem_reserved_gb 10.20 
[2026-01-22 04:03:28,630][checkpoint][INFO] - Saved model state dictionary: /beegfs/muduchuru/codes/physicsnemo/examples/weather/corrdiff/checkpoints_regression/UNet.0.500000.mdlus
[2026-01-22 04:03:29,920][checkpoint][INFO] - Saved training checkpoint: /beegfs/muduchuru/codes/physicsnemo/examples/weather/corrdiff/checkpoints_regression/checkpoint.0.500000.pt
[2026-01-22 04:09:28,785][main][INFO] - samples 501008.0  training_loss 1506.89 training_loss_running_mean 1965.74 learning_rate 0.00020000 total_sec 154830.0 sec_per_tick 32.6    sec_per_sample 2.04    cpu_mem_gb 2.35   peak_gpu_mem_gb 9.68   peak_gpu_mem_reserved_gb 10.20 
[2026-01-22 04:15:26,059][main][INFO] - samples 502000.0  training_loss 114.68  training_loss_running_mean 2806.67 learning_rate 0.00020000 total_sec 155187.3 sec_per_tick 35.2    sec_per_sample 2.20    cpu_mem_gb 2.35   peak_gpu_mem_gb 9.68   peak_gpu_mem_reserved_gb 10.20 
[2026-01-22 04:21:29,156][main][INFO] - samples 503008.0  training_loss 738.03  training_loss_running_mean 2041.11 learning_rate 0.00020000 total_sec 155550.4 sec_per_tick 33.4    sec_per_sample 2.09    cpu_mem_gb 2.35   peak_gpu_mem_gb 9.68   peak_gpu_mem_reserved_gb 10.20 
[2026-01-22 04:27:28,340][main][INFO] - samples 504000.0  training_loss 576.03  training_loss_running_mean 2844.14 learning_rate 0.00020000 total_sec 155909.6 sec_per_tick 30.3    sec_per_sample 1.90    cpu_mem_gb 2.35   peak_gpu_mem_gb 9.68   peak_gpu_mem_reserved_gb 10.20 
[2026-01-22 04:33:33,291][main][INFO] - samples 505008.0  training_loss 1614.45 training_loss_running_mean 2309.99 learning_rate 0.00020000 total_sec 156274.6 sec_per_tick 37.3    sec_per_sample 2.33    cpu_mem_gb 2.35   peak_gpu_mem_gb 9.68   peak_gpu_mem_reserved_gb 10.20 
[2026-01-22 04:33:34,396][checkpoint][INFO] - Saved model state dictionary: /beegfs/muduchuru/codes/physicsnemo/examples/weather/corrdiff/checkpoints_regression/UNet.0.505008.mdlus
[2026-01-22 04:33:35,442][checkpoint][INFO] - Saved training checkpoint: /beegfs/muduchuru/codes/physicsnemo/examples/weather/corrdiff/checkpoints_regression/checkpoint.0.505008.pt
[2026-01-22 04:39:25,959][main][INFO] - samples 506000.0  training_loss 83.41   training_loss_running_mean 2793.75 learning_rate 0.00020000 total_sec 156627.2 sec_per_tick 31.9    sec_per_sample 2.00    cpu_mem_gb 2.36   peak_gpu_mem_gb 9.68   peak_gpu_mem_reserved_gb 10.20 
[2026-01-22 04:45:25,485][main][INFO] - samples 507008.0  training_loss 249.45  training_loss_running_mean 2013.38 learning_rate 0.00020000 total_sec 156986.7 sec_per_tick 31.9    sec_per_sample 1.99    cpu_mem_gb 2.35   peak_gpu_mem_gb 9.68   peak_gpu_mem_reserved_gb 10.20 
[2026-01-22 04:51:23,668][main][INFO] - samples 508000.0  training_loss 717.83  training_loss_running_mean 2887.54 learning_rate 0.00020000 total_sec 157344.9 sec_per_tick 34.3    sec_per_sample 2.14    cpu_mem_gb 2.35   peak_gpu_mem_gb 9.68   peak_gpu_mem_reserved_gb 10.20 
[2026-01-22 04:57:19,918][main][INFO] - samples 509008.0  training_loss 2811.29 training_loss_running_mean 2211.49 learning_rate 0.00020000 total_sec 157701.2 sec_per_tick 32.9    sec_per_sample 2.06    cpu_mem_gb 2.35   peak_gpu_mem_gb 9.68   peak_gpu_mem_reserved_gb 10.20 
[2026-01-22 05:03:17,653][main][INFO] - samples 510000.0  training_loss 5699.77 training_loss_running_mean 1591.54 learning_rate 0.00020000 total_sec 158058.9 sec_per_tick 29.8    sec_per_sample 1.86    cpu_mem_gb 2.35   peak_gpu_mem_gb 9.68   peak_gpu_mem_reserved_gb 10.20 
[2026-01-22 05:03:18,713][checkpoint][INFO] - Saved model state dictionary: /beegfs/muduchuru/codes/physicsnemo/examples/weather/corrdiff/checkpoints_regression/UNet.0.510000.mdlus
[2026-01-22 05:03:19,944][checkpoint][INFO] - Saved training checkpoint: /beegfs/muduchuru/codes/physicsnemo/examples/weather/corrdiff/checkpoints_regression/checkpoint.0.510000.pt
[2026-01-22 05:09:15,253][main][INFO] - samples 511008.0  training_loss 698.64  training_loss_running_mean 2016.77 learning_rate 0.00020000 total_sec 158416.5 sec_per_tick 34.0    sec_per_sample 2.12    cpu_mem_gb 2.35   peak_gpu_mem_gb 9.68   peak_gpu_mem_reserved_gb 10.20 
[2026-01-22 05:15:10,037][main][INFO] - samples 512000.0  training_loss 257.65  training_loss_running_mean 2250.68 learning_rate 0.00020000 total_sec 158771.3 sec_per_tick 29.2    sec_per_sample 1.82    cpu_mem_gb 2.35   peak_gpu_mem_gb 9.68   peak_gpu_mem_reserved_gb 10.20 
[2026-01-22 05:21:09,885][main][INFO] - samples 513008.0  training_loss 5674.71 training_loss_running_mean 1671.93 learning_rate 0.00020000 total_sec 159131.1 sec_per_tick 39.4    sec_per_sample 2.46    cpu_mem_gb 2.35   peak_gpu_mem_gb 9.68   peak_gpu_mem_reserved_gb 10.20 
[2026-01-22 05:26:57,941][main][INFO] - samples 514000.0  training_loss 1622.57 training_loss_running_mean 2193.49 learning_rate 0.00020000 total_sec 159479.2 sec_per_tick 29.7    sec_per_sample 1.85    cpu_mem_gb 2.35   peak_gpu_mem_gb 9.68   peak_gpu_mem_reserved_gb 10.20 
[2026-01-22 05:32:54,603][main][INFO] - samples 515008.0  training_loss 370.94  training_loss_running_mean 2138.27 learning_rate 0.00020000 total_sec 159835.9 sec_per_tick 30.1    sec_per_sample 1.88    cpu_mem_gb 2.35   peak_gpu_mem_gb 9.68   peak_gpu_mem_reserved_gb 10.20 
[2026-01-22 05:32:55,709][checkpoint][INFO] - Saved model state dictionary: /beegfs/muduchuru/codes/physicsnemo/examples/weather/corrdiff/checkpoints_regression/UNet.0.515008.mdlus
[2026-01-22 05:32:56,726][checkpoint][INFO] - Saved training checkpoint: /beegfs/muduchuru/codes/physicsnemo/examples/weather/corrdiff/checkpoints_regression/checkpoint.0.515008.pt
[2026-01-22 05:38:45,110][main][INFO] - samples 516000.0  training_loss 6748.94 training_loss_running_mean 2095.66 learning_rate 0.00020000 total_sec 160186.4 sec_per_tick 33.6    sec_per_sample 2.10    cpu_mem_gb 2.36   peak_gpu_mem_gb 9.68   peak_gpu_mem_reserved_gb 10.20 
[2026-01-22 05:44:42,169][main][INFO] - samples 517008.0  training_loss 287.34  training_loss_running_mean 2058.74 learning_rate 0.00020000 total_sec 160543.4 sec_per_tick 29.2    sec_per_sample 1.83    cpu_mem_gb 2.36   peak_gpu_mem_gb 9.68   peak_gpu_mem_reserved_gb 10.20 
[2026-01-22 05:50:38,135][main][INFO] - samples 518000.0  training_loss 1526.87 training_loss_running_mean 2186.94 learning_rate 0.00020000 total_sec 160899.4 sec_per_tick 40.0    sec_per_sample 2.50    cpu_mem_gb 2.35   peak_gpu_mem_gb 9.68   peak_gpu_mem_reserved_gb 10.20 
[2026-01-22 05:56:28,378][main][INFO] - samples 519008.0  training_loss 437.00  training_loss_running_mean 1810.54 learning_rate 0.00020000 total_sec 161249.6 sec_per_tick 29.9    sec_per_sample 1.87    cpu_mem_gb 2.35   peak_gpu_mem_gb 9.68   peak_gpu_mem_reserved_gb 10.20 
[2026-01-22 06:02:22,653][main][INFO] - samples 520000.0  training_loss 3440.06 training_loss_running_mean 1849.96 learning_rate 0.00020000 total_sec 161603.9 sec_per_tick 29.2    sec_per_sample 1.82    cpu_mem_gb 2.35   peak_gpu_mem_gb 9.68   peak_gpu_mem_reserved_gb 10.20 
[2026-01-22 06:02:23,738][checkpoint][INFO] - Saved model state dictionary: /beegfs/muduchuru/codes/physicsnemo/examples/weather/corrdiff/checkpoints_regression/UNet.0.520000.mdlus
[2026-01-22 06:02:25,019][checkpoint][INFO] - Saved training checkpoint: /beegfs/muduchuru/codes/physicsnemo/examples/weather/corrdiff/checkpoints_regression/checkpoint.0.520000.pt
[2026-01-22 06:08:20,708][main][INFO] - samples 521008.0  training_loss 1457.96 training_loss_running_mean 1756.39 learning_rate 0.00020000 total_sec 161962.0 sec_per_tick 37.9    sec_per_sample 2.37    cpu_mem_gb 2.35   peak_gpu_mem_gb 9.68   peak_gpu_mem_reserved_gb 10.20 
[2026-01-22 06:14:06,435][main][INFO] - samples 522000.0  training_loss 395.13  training_loss_running_mean 1968.74 learning_rate 0.00020000 total_sec 162307.7 sec_per_tick 31.5    sec_per_sample 1.97    cpu_mem_gb 2.35   peak_gpu_mem_gb 9.68   peak_gpu_mem_reserved_gb 10.20 
[2026-01-22 06:20:02,685][main][INFO] - samples 523008.0  training_loss 4202.01 training_loss_running_mean 2151.52 learning_rate 0.00020000 total_sec 162663.9 sec_per_tick 29.4    sec_per_sample 1.84    cpu_mem_gb 2.35   peak_gpu_mem_gb 9.68   peak_gpu_mem_reserved_gb 10.20 
[2026-01-22 06:25:47,379][main][INFO] - samples 524000.0  training_loss 3525.82 training_loss_running_mean 1754.88 learning_rate 0.00020000 total_sec 163008.6 sec_per_tick 29.2    sec_per_sample 1.83    cpu_mem_gb 2.35   peak_gpu_mem_gb 9.68   peak_gpu_mem_reserved_gb 10.20 
[2026-01-22 06:31:45,107][main][INFO] - samples 525008.0  training_loss 1550.68 training_loss_running_mean 2575.32 learning_rate 0.00020000 total_sec 163366.4 sec_per_tick 32.4    sec_per_sample 2.03    cpu_mem_gb 2.35   peak_gpu_mem_gb 9.68   peak_gpu_mem_reserved_gb 10.20 
[2026-01-22 06:31:46,216][checkpoint][INFO] - Saved model state dictionary: /beegfs/muduchuru/codes/physicsnemo/examples/weather/corrdiff/checkpoints_regression/UNet.0.525008.mdlus
[2026-01-22 06:31:47,479][checkpoint][INFO] - Saved training checkpoint: /beegfs/muduchuru/codes/physicsnemo/examples/weather/corrdiff/checkpoints_regression/checkpoint.0.525008.pt
[2026-01-22 06:37:32,171][main][INFO] - samples 526000.0  training_loss 3152.57 training_loss_running_mean 1833.01 learning_rate 0.00020000 total_sec 163713.4 sec_per_tick 29.2    sec_per_sample 1.83    cpu_mem_gb 2.35   peak_gpu_mem_gb 9.68   peak_gpu_mem_reserved_gb 10.20 
[2026-01-22 06:43:30,791][main][INFO] - samples 527008.0  training_loss 1021.36 training_loss_running_mean 2990.10 learning_rate 0.00020000 total_sec 164072.1 sec_per_tick 36.6    sec_per_sample 2.29    cpu_mem_gb 2.35   peak_gpu_mem_gb 9.68   peak_gpu_mem_reserved_gb 10.20 
[2026-01-22 06:49:16,151][main][INFO] - samples 528000.0  training_loss 1435.12 training_loss_running_mean 3288.19 learning_rate 0.00020000 total_sec 164417.4 sec_per_tick 29.3    sec_per_sample 1.83    cpu_mem_gb 2.35   peak_gpu_mem_gb 9.68   peak_gpu_mem_reserved_gb 10.20 
[2026-01-22 06:55:14,961][main][INFO] - samples 529008.0  training_loss 11205.16 training_loss_running_mean 2364.28 learning_rate 0.00020000 total_sec 164776.2 sec_per_tick 35.8    sec_per_sample 2.24    cpu_mem_gb 2.35   peak_gpu_mem_gb 9.68   peak_gpu_mem_reserved_gb 10.20 
[2026-01-22 07:00:58,999][main][INFO] - samples 530000.0  training_loss 1203.92 training_loss_running_mean 2172.63 learning_rate 0.00020000 total_sec 165120.3 sec_per_tick 29.3    sec_per_sample 1.83    cpu_mem_gb 2.35   peak_gpu_mem_gb 9.68   peak_gpu_mem_reserved_gb 10.20 
[2026-01-22 07:01:00,534][checkpoint][INFO] - Saved model state dictionary: /beegfs/muduchuru/codes/physicsnemo/examples/weather/corrdiff/checkpoints_regression/UNet.0.530000.mdlus
[2026-01-22 07:01:01,887][checkpoint][INFO] - Saved training checkpoint: /beegfs/muduchuru/codes/physicsnemo/examples/weather/corrdiff/checkpoints_regression/checkpoint.0.530000.pt
[2026-01-22 07:06:54,851][main][INFO] - samples 531008.0  training_loss 457.22  training_loss_running_mean 2294.32 learning_rate 0.00020000 total_sec 165476.1 sec_per_tick 29.6    sec_per_sample 1.85    cpu_mem_gb 2.35   peak_gpu_mem_gb 9.68   peak_gpu_mem_reserved_gb 10.20 
[2026-01-22 07:12:44,868][main][INFO] - samples 532000.0  training_loss 678.90  training_loss_running_mean 2133.48 learning_rate 0.00020000 total_sec 165826.1 sec_per_tick 34.8    sec_per_sample 2.17    cpu_mem_gb 2.35   peak_gpu_mem_gb 9.68   peak_gpu_mem_reserved_gb 10.20 
[2026-01-22 07:18:36,290][main][INFO] - samples 533008.0  training_loss 2878.41 training_loss_running_mean 2024.10 learning_rate 0.00020000 total_sec 166177.6 sec_per_tick 29.1    sec_per_sample 1.82    cpu_mem_gb 2.35   peak_gpu_mem_gb 9.68   peak_gpu_mem_reserved_gb 10.20 
[2026-01-22 07:24:28,155][main][INFO] - samples 534000.0  training_loss 806.82  training_loss_running_mean 2569.48 learning_rate 0.00020000 total_sec 166529.4 sec_per_tick 33.4    sec_per_sample 2.09    cpu_mem_gb 2.35   peak_gpu_mem_gb 9.68   peak_gpu_mem_reserved_gb 10.20 
[2026-01-22 07:30:20,803][main][INFO] - samples 535008.0  training_loss 1315.91 training_loss_running_mean 2172.42 learning_rate 0.00020000 total_sec 166882.1 sec_per_tick 33.2    sec_per_sample 2.08    cpu_mem_gb 2.35   peak_gpu_mem_gb 9.68   peak_gpu_mem_reserved_gb 10.20 
[2026-01-22 07:30:21,927][checkpoint][INFO] - Saved model state dictionary: /beegfs/muduchuru/codes/physicsnemo/examples/weather/corrdiff/checkpoints_regression/UNet.0.535008.mdlus
[2026-01-22 07:30:23,151][checkpoint][INFO] - Saved training checkpoint: /beegfs/muduchuru/codes/physicsnemo/examples/weather/corrdiff/checkpoints_regression/checkpoint.0.535008.pt
[2026-01-22 07:36:10,921][main][INFO] - samples 536000.0  training_loss 58.80   training_loss_running_mean 2510.35 learning_rate 0.00020000 total_sec 167232.2 sec_per_tick 31.1    sec_per_sample 1.95    cpu_mem_gb 2.35   peak_gpu_mem_gb 9.68   peak_gpu_mem_reserved_gb 10.20 
[2026-01-22 07:42:08,794][main][INFO] - samples 537008.0  training_loss 522.48  training_loss_running_mean 2150.88 learning_rate 0.00020000 total_sec 167590.1 sec_per_tick 39.5    sec_per_sample 2.47    cpu_mem_gb 2.35   peak_gpu_mem_gb 9.68   peak_gpu_mem_reserved_gb 10.20 
[2026-01-22 07:47:55,222][main][INFO] - samples 538000.0  training_loss 594.20  training_loss_running_mean 2337.01 learning_rate 0.00020000 total_sec 167936.5 sec_per_tick 29.8    sec_per_sample 1.86    cpu_mem_gb 2.35   peak_gpu_mem_gb 9.68   peak_gpu_mem_reserved_gb 10.20 
[2026-01-22 07:53:50,478][main][INFO] - samples 539008.0  training_loss 1878.26 training_loss_running_mean 2554.89 learning_rate 0.00020000 total_sec 168291.7 sec_per_tick 29.3    sec_per_sample 1.83    cpu_mem_gb 2.35   peak_gpu_mem_gb 9.68   peak_gpu_mem_reserved_gb 10.20 
[2026-01-22 07:59:34,452][main][INFO] - samples 540000.0  training_loss 1510.25 training_loss_running_mean 2507.73 learning_rate 0.00020000 total_sec 168635.7 sec_per_tick 29.9    sec_per_sample 1.87    cpu_mem_gb 2.35   peak_gpu_mem_gb 9.68   peak_gpu_mem_reserved_gb 10.20 
[2026-01-22 07:59:35,608][checkpoint][INFO] - Saved model state dictionary: /beegfs/muduchuru/codes/physicsnemo/examples/weather/corrdiff/checkpoints_regression/UNet.0.540000.mdlus
[2026-01-22 07:59:36,865][checkpoint][INFO] - Saved training checkpoint: /beegfs/muduchuru/codes/physicsnemo/examples/weather/corrdiff/checkpoints_regression/checkpoint.0.540000.pt
[2026-01-22 08:05:32,025][main][INFO] - samples 541008.0  training_loss 909.44  training_loss_running_mean 2378.21 learning_rate 0.00020000 total_sec 168993.3 sec_per_tick 28.8    sec_per_sample 1.80    cpu_mem_gb 2.35   peak_gpu_mem_gb 9.68   peak_gpu_mem_reserved_gb 10.20 
[2026-01-22 08:11:26,867][main][INFO] - samples 542000.0  training_loss 634.17  training_loss_running_mean 2517.88 learning_rate 0.00020000 total_sec 169348.1 sec_per_tick 39.2    sec_per_sample 2.45    cpu_mem_gb 2.35   peak_gpu_mem_gb 9.68   peak_gpu_mem_reserved_gb 10.20 
[2026-01-22 08:17:14,573][main][INFO] - samples 543008.0  training_loss 345.23  training_loss_running_mean 1826.60 learning_rate 0.00020000 total_sec 169695.8 sec_per_tick 29.4    sec_per_sample 1.84    cpu_mem_gb 2.35   peak_gpu_mem_gb 9.68   peak_gpu_mem_reserved_gb 10.20 
[2026-01-22 08:23:07,141][main][INFO] - samples 544000.0  training_loss 566.55  training_loss_running_mean 1909.59 learning_rate 0.00020000 total_sec 170048.4 sec_per_tick 35.1    sec_per_sample 2.20    cpu_mem_gb 2.35   peak_gpu_mem_gb 9.68   peak_gpu_mem_reserved_gb 10.20 
[2026-01-22 08:28:55,755][main][INFO] - samples 545008.0  training_loss 3718.92 training_loss_running_mean 1934.24 learning_rate 0.00020000 total_sec 170397.0 sec_per_tick 29.5    sec_per_sample 1.84    cpu_mem_gb 2.35   peak_gpu_mem_gb 9.68   peak_gpu_mem_reserved_gb 10.20 
[2026-01-22 08:28:56,877][checkpoint][INFO] - Saved model state dictionary: /beegfs/muduchuru/codes/physicsnemo/examples/weather/corrdiff/checkpoints_regression/UNet.0.545008.mdlus
[2026-01-22 08:28:58,100][checkpoint][INFO] - Saved training checkpoint: /beegfs/muduchuru/codes/physicsnemo/examples/weather/corrdiff/checkpoints_regression/checkpoint.0.545008.pt
[2026-01-22 08:34:47,156][main][INFO] - samples 546000.0  training_loss 30460.96 training_loss_running_mean 3621.01 learning_rate 0.00020000 total_sec 170748.4 sec_per_tick 29.0    sec_per_sample 1.82    cpu_mem_gb 2.35   peak_gpu_mem_gb 9.68   peak_gpu_mem_reserved_gb 10.20 
[2026-01-22 08:40:44,025][main][INFO] - samples 547008.0  training_loss 1167.12 training_loss_running_mean 1749.85 learning_rate 0.00020000 total_sec 171105.3 sec_per_tick 37.9    sec_per_sample 2.37    cpu_mem_gb 2.35   peak_gpu_mem_gb 9.68   peak_gpu_mem_reserved_gb 10.20 
[2026-01-22 08:46:28,631][main][INFO] - samples 548000.0  training_loss 3273.11 training_loss_running_mean 1948.91 learning_rate 0.00020000 total_sec 171449.9 sec_per_tick 28.9    sec_per_sample 1.80    cpu_mem_gb 2.35   peak_gpu_mem_gb 9.68   peak_gpu_mem_reserved_gb 10.20 
[2026-01-22 08:52:23,425][main][INFO] - samples 549008.0  training_loss 5735.24 training_loss_running_mean 2205.48 learning_rate 0.00020000 total_sec 171804.7 sec_per_tick 29.3    sec_per_sample 1.83    cpu_mem_gb 2.35   peak_gpu_mem_gb 9.68   peak_gpu_mem_reserved_gb 10.20 
[2026-01-22 08:58:12,219][main][INFO] - samples 550000.0  training_loss 557.86  training_loss_running_mean 2042.67 learning_rate 0.00020000 total_sec 172153.5 sec_per_tick 34.6    sec_per_sample 2.16    cpu_mem_gb 2.35   peak_gpu_mem_gb 9.68   peak_gpu_mem_reserved_gb 10.20 
[2026-01-22 08:58:13,333][checkpoint][INFO] - Saved model state dictionary: /beegfs/muduchuru/codes/physicsnemo/examples/weather/corrdiff/checkpoints_regression/UNet.0.550000.mdlus
[2026-01-22 08:58:14,516][checkpoint][INFO] - Saved training checkpoint: /beegfs/muduchuru/codes/physicsnemo/examples/weather/corrdiff/checkpoints_regression/checkpoint.0.550000.pt
[2026-01-22 09:04:02,057][main][INFO] - samples 551008.0  training_loss 635.64  training_loss_running_mean 2835.82 learning_rate 0.00020000 total_sec 172503.3 sec_per_tick 28.9    sec_per_sample 1.81    cpu_mem_gb 2.35   peak_gpu_mem_gb 9.68   peak_gpu_mem_reserved_gb 10.20 
[2026-01-22 09:09:54,132][main][INFO] - samples 552000.0  training_loss 684.78  training_loss_running_mean 2507.92 learning_rate 0.00020000 total_sec 172855.4 sec_per_tick 31.2    sec_per_sample 1.95    cpu_mem_gb 2.35   peak_gpu_mem_gb 9.68   peak_gpu_mem_reserved_gb 10.20 
[2026-01-22 09:15:49,593][main][INFO] - samples 553008.0  training_loss 597.86  training_loss_running_mean 2063.59 learning_rate 0.00020000 total_sec 173210.9 sec_per_tick 35.9    sec_per_sample 2.25    cpu_mem_gb 2.35   peak_gpu_mem_gb 9.68   peak_gpu_mem_reserved_gb 10.20 
[2026-01-22 09:21:33,648][main][INFO] - samples 554000.0  training_loss 1174.07 training_loss_running_mean 2335.43 learning_rate 0.00020000 total_sec 173554.9 sec_per_tick 29.2    sec_per_sample 1.82    cpu_mem_gb 2.35   peak_gpu_mem_gb 9.68   peak_gpu_mem_reserved_gb 10.20 
[2026-01-22 09:27:30,255][main][INFO] - samples 555008.0  training_loss 7155.66 training_loss_running_mean 2633.56 learning_rate 0.00020000 total_sec 173911.5 sec_per_tick 33.4    sec_per_sample 2.09    cpu_mem_gb 2.35   peak_gpu_mem_gb 9.68   peak_gpu_mem_reserved_gb 10.20 
[2026-01-22 09:27:31,320][checkpoint][INFO] - Saved model state dictionary: /beegfs/muduchuru/codes/physicsnemo/examples/weather/corrdiff/checkpoints_regression/UNet.0.555008.mdlus
[2026-01-22 09:27:32,474][checkpoint][INFO] - Saved training checkpoint: /beegfs/muduchuru/codes/physicsnemo/examples/weather/corrdiff/checkpoints_regression/checkpoint.0.555008.pt
[2026-01-22 09:33:16,731][main][INFO] - samples 556000.0  training_loss 1298.87 training_loss_running_mean 2006.69 learning_rate 0.00020000 total_sec 174258.0 sec_per_tick 30.8    sec_per_sample 1.93    cpu_mem_gb 2.35   peak_gpu_mem_gb 9.68   peak_gpu_mem_reserved_gb 10.20 
[2026-01-22 09:39:08,445][main][INFO] - samples 557008.0  training_loss 2774.10 training_loss_running_mean 2180.12 learning_rate 0.00020000 total_sec 174609.7 sec_per_tick 30.8    sec_per_sample 1.93    cpu_mem_gb 2.35   peak_gpu_mem_gb 9.68   peak_gpu_mem_reserved_gb 10.20 
[2026-01-22 09:45:00,180][main][INFO] - samples 558000.0  training_loss 2344.60 training_loss_running_mean 1773.47 learning_rate 0.00020000 total_sec 174961.4 sec_per_tick 37.4    sec_per_sample 2.34    cpu_mem_gb 2.35   peak_gpu_mem_gb 9.68   peak_gpu_mem_reserved_gb 10.20 
[2026-01-22 09:50:47,741][main][INFO] - samples 559008.0  training_loss 1563.50 training_loss_running_mean 2572.26 learning_rate 0.00020000 total_sec 175309.0 sec_per_tick 29.1    sec_per_sample 1.82    cpu_mem_gb 2.35   peak_gpu_mem_gb 9.68   peak_gpu_mem_reserved_gb 10.20 
[2026-01-22 09:56:41,727][main][INFO] - samples 560000.0  training_loss 1104.77 training_loss_running_mean 2687.68 learning_rate 0.00020000 total_sec 175663.0 sec_per_tick 30.2    sec_per_sample 1.89    cpu_mem_gb 2.35   peak_gpu_mem_gb 9.68   peak_gpu_mem_reserved_gb 10.20 
[2026-01-22 09:56:42,858][checkpoint][INFO] - Saved model state dictionary: /beegfs/muduchuru/codes/physicsnemo/examples/weather/corrdiff/checkpoints_regression/UNet.0.560000.mdlus
[2026-01-22 09:56:44,044][checkpoint][INFO] - Saved training checkpoint: /beegfs/muduchuru/codes/physicsnemo/examples/weather/corrdiff/checkpoints_regression/checkpoint.0.560000.pt
[2026-01-22 10:02:37,897][main][INFO] - samples 561008.0  training_loss 3630.73 training_loss_running_mean 1776.44 learning_rate 0.00020000 total_sec 176019.2 sec_per_tick 36.5    sec_per_sample 2.28    cpu_mem_gb 2.35   peak_gpu_mem_gb 9.68   peak_gpu_mem_reserved_gb 10.20 
[2026-01-22 10:08:24,500][main][INFO] - samples 562000.0  training_loss 3664.25 training_loss_running_mean 2287.55 learning_rate 0.00020000 total_sec 176365.8 sec_per_tick 31.1    sec_per_sample 1.94    cpu_mem_gb 2.35   peak_gpu_mem_gb 9.68   peak_gpu_mem_reserved_gb 10.20 
[2026-01-22 10:14:18,037][main][INFO] - samples 563008.0  training_loss 6792.79 training_loss_running_mean 2115.44 learning_rate 0.00020000 total_sec 176719.3 sec_per_tick 29.7    sec_per_sample 1.86    cpu_mem_gb 2.35   peak_gpu_mem_gb 9.68   peak_gpu_mem_reserved_gb 10.20 
[2026-01-22 10:20:06,206][main][INFO] - samples 564000.0  training_loss 49.73   training_loss_running_mean 1833.63 learning_rate 0.00020000 total_sec 177067.5 sec_per_tick 30.9    sec_per_sample 1.93    cpu_mem_gb 2.35   peak_gpu_mem_gb 9.68   peak_gpu_mem_reserved_gb 10.20 
[2026-01-22 10:26:01,230][main][INFO] - samples 565008.0  training_loss 916.84  training_loss_running_mean 1378.46 learning_rate 0.00020000 total_sec 177422.5 sec_per_tick 33.1    sec_per_sample 2.07    cpu_mem_gb 2.35   peak_gpu_mem_gb 9.68   peak_gpu_mem_reserved_gb 10.20 
[2026-01-22 10:26:02,377][checkpoint][INFO] - Saved model state dictionary: /beegfs/muduchuru/codes/physicsnemo/examples/weather/corrdiff/checkpoints_regression/UNet.0.565008.mdlus
[2026-01-22 10:26:03,642][checkpoint][INFO] - Saved training checkpoint: /beegfs/muduchuru/codes/physicsnemo/examples/weather/corrdiff/checkpoints_regression/checkpoint.0.565008.pt
[2026-01-22 10:31:52,224][main][INFO] - samples 566000.0  training_loss 434.12  training_loss_running_mean 2015.68 learning_rate 0.00020000 total_sec 177773.5 sec_per_tick 34.4    sec_per_sample 2.15    cpu_mem_gb 2.35   peak_gpu_mem_gb 9.68   peak_gpu_mem_reserved_gb 10.20 
[2026-01-22 10:37:44,883][main][INFO] - samples 567008.0  training_loss 1688.39 training_loss_running_mean 1884.49 learning_rate 0.00020000 total_sec 178126.1 sec_per_tick 31.1    sec_per_sample 1.94    cpu_mem_gb 2.35   peak_gpu_mem_gb 9.68   peak_gpu_mem_reserved_gb 10.20 
